Time Stamp,X_Acc,Y_Acc,Z_Acc,X_Orient,Y_Orient,Z_Orient
'04-Oct-2021 17:47:20.438',-0.440536,-9.03093,4.137177,-23.40922,65.54102,5.357993
'04-Oct-2021 17:47:20.447',-0.459686,-9.050079,4.098877,-23.463392,65.511124,5.495051
'04-Oct-2021 17:47:20.456',-0.440536,-9.083603,4.036621,-23.542626,65.489336,5.606152
'04-Oct-2021 17:47:20.465',-0.426163,-9.102753,4.084503,-23.600819,65.466701,5.689576
'04-Oct-2021 17:47:20.474',-0.402222,-9.107544,4.060562,-23.637673,65.446982,5.753104
'04-Oct-2021 17:47:20.483',-0.407013,-9.112335,4.007889,-23.612526,65.433704,5.816792
'04-Oct-2021 17:47:20.492',-0.469269,-9.088394,3.998322,-23.640168,65.426,5.899421
'04-Oct-2021 17:47:20.501',-0.488419,-9.069229,4.017471,-23.66075,65.422933,5.988167
'04-Oct-2021 17:47:20.510',-0.507568,-9.059662,4.017471,-23.686229,65.425877,6.087138
'04-Oct-2021 17:47:20.519',-0.584183,-9.126694,4.065353,-23.728982,65.430603,6.211132
'04-Oct-2021 17:47:20.528',-0.574615,-9.193741,4.094086,-23.77337,65.43658,6.349395
'04-Oct-2021 17:47:20.537',-0.569824,-9.227249,4.132385,-23.804365,65.43772,6.50346
'04-Oct-2021 17:47:20.546',-0.51236,-9.23204,4.118027,-23.840266,65.435692,6.65608
'04-Oct-2021 17:47:20.555',-0.536301,-9.174576,4.094086,-23.857982,65.428499,6.828119
'04-Oct-2021 17:47:20.564',-0.531509,-9.093185,3.99353,-23.893805,65.42572,7.019384
'04-Oct-2021 17:47:20.573',-0.531509,-8.997406,3.921707,-23.916899,65.426833,7.225561
'04-Oct-2021 17:47:20.582',-0.541092,-8.877701,3.926498,-23.94513,65.425808,7.428463
'04-Oct-2021 17:47:20.591',-0.593765,-8.887283,3.892975,-23.954385,65.432939,7.63458
'04-Oct-2021 17:47:20.600',-0.660797,-8.925583,3.883392,-24.010833,65.450718,7.842141
'04-Oct-2021 17:47:20.609',-0.699112,-8.963898,3.940857,-24.038668,65.474938,8.051069
'04-Oct-2021 17:47:20.618',-0.727844,-9.03093,4.003113,-24.116508,65.500312,8.261161
'04-Oct-2021 17:47:20.627',-0.766144,-9.050079,4.084503,-24.197786,65.519177,8.480154
'04-Oct-2021 17:47:20.636',-0.852341,-9.088394,4.161118,-24.303393,65.528794,8.724845
'04-Oct-2021 17:47:20.645',-0.957687,-9.069229,4.194641,-24.413642,65.528712,9.006994
'04-Oct-2021 17:47:20.654',-1.024719,-9.01178,4.141968,-24.513732,65.537291,9.257758
'04-Oct-2021 17:47:20.663',-1.053452,-8.911224,4.132385,-24.597138,65.541566,9.541914
'04-Oct-2021 17:47:20.672',-1.063019,-8.925583,4.122818,-24.737559,65.541334,9.857364
'04-Oct-2021 17:47:20.681',-1.039078,-8.973465,4.022263,-24.85284,65.535399,10.196948
'04-Oct-2021 17:47:20.690',-0.995987,-9.021347,3.888184,-25.008485,65.527496,10.550571
'04-Oct-2021 17:47:20.699',-0.976837,-9.040512,3.778046,-25.151617,65.527892,10.907877
'04-Oct-2021 17:47:20.708',-0.972046,-9.03093,3.734955,-25.302859,65.540194,11.258017
'04-Oct-2021 17:47:20.717',-0.976837,-9.059662,3.711014,-25.423832,65.567446,11.582531
'04-Oct-2021 17:47:20.726',-1.005569,-9.136276,3.778046,-25.558054,65.608584,11.874701
'04-Oct-2021 17:47:20.735',-1.043869,-9.203308,3.931274,-25.694909,65.659285,12.134561
'04-Oct-2021 17:47:20.744',-1.039078,-9.284714,4.060562,-25.812586,65.714848,12.364498
'04-Oct-2021 17:47:20.753',-1.058243,-9.303864,4.1707,-25.89957,65.76936,12.57245
'04-Oct-2021 17:47:20.762',-1.082184,-9.294296,4.295197,-25.987815,65.818066,12.773377
'04-Oct-2021 17:47:20.771',-1.063019,-9.217682,4.319138,-26.053673,65.858897,12.980923
'04-Oct-2021 17:47:20.780',-1.053452,-9.131485,4.323929,-26.103398,65.894346,13.205878
'04-Oct-2021 17:47:20.789',-1.101334,-9.078812,4.352661,-26.088642,65.919788,13.440846
'04-Oct-2021 17:47:20.798',-1.264145,-9.121902,4.362228,-26.099826,65.926263,13.668802
'04-Oct-2021 17:47:20.807',-1.513138,-9.23204,4.381393,-26.109605,65.917643,13.858739
'04-Oct-2021 17:47:20.816',-1.709457,-9.284714,4.237732,-26.185321,65.901319,13.935052
'04-Oct-2021 17:47:20.825',-1.833954,-9.212891,4.113235,-26.320948,65.883158,13.837209
'04-Oct-2021 17:47:20.834',-1.742981,-9.097961,4.165909,-26.524065,65.868883,13.545145
'04-Oct-2021 17:47:20.843',-1.493988,-9.03093,4.386185,-26.729652,65.863562,13.114931
'04-Oct-2021 17:47:20.852',-1.221039,-9.069229,4.491516,-26.905146,65.870925,12.647681
'04-Oct-2021 17:47:20.861',-1.02951,-9.174576,4.472366,-27.008573,65.886272,12.233131
'04-Oct-2021 17:47:20.870',-0.943314,-9.236832,4.515457,-27.044001,65.900868,11.910828
'04-Oct-2021 17:47:20.879',-0.895432,-9.294296,4.548981,-27.019337,65.913504,11.672506
'04-Oct-2021 17:47:20.888',-0.919373,-9.289505,4.534622,-26.956895,65.92265,11.494637
'04-Oct-2021 17:47:20.897',-0.943314,-9.217682,4.52504,-26.875604,65.927766,11.359989
'04-Oct-2021 17:47:20.906',-1.000778,-9.150635,4.572922,-26.779777,65.925239,11.270429
'04-Oct-2021 17:47:20.915',-1.110916,-9.102753,4.620804,-26.70217,65.912077,11.244993
'04-Oct-2021 17:47:20.924',-1.216248,-9.097961,4.616028,-26.632101,65.886204,11.288217
'04-Oct-2021 17:47:20.933',-1.331177,-9.078812,4.620804,-26.584201,65.848699,11.378614
'04-Oct-2021 17:47:20.942',-1.460464,-9.045288,4.644745,-26.552215,65.806236,11.484373
'04-Oct-2021 17:47:20.951',-1.628052,-8.973465,4.697418,-26.510278,65.75531,11.568252
'04-Oct-2021 17:47:20.960',-1.776505,-8.978256,4.678268,-26.47547,65.692555,11.593561
'04-Oct-2021 17:47:20.969',-1.848328,-9.045288,4.668686,-26.422846,65.618918,11.524852
'04-Oct-2021 17:47:20.978',-1.872269,-9.102753,4.635178,-26.39744,65.536007,11.326782
'04-Oct-2021 17:47:20.987',-1.819595,-9.112335,4.620804,-26.387015,65.445732,10.993007
'04-Oct-2021 17:47:20.996',-1.632843,-9.150635,4.730942,-26.390809,65.348702,10.557378
'04-Oct-2021 17:47:21.005',-1.426941,-9.165009,4.836288,-26.392321,65.241933,10.084777
'04-Oct-2021 17:47:21.014',-1.278503,-9.203308,4.960785,-26.413445,65.123279,9.635595
'04-Oct-2021 17:47:21.023',-1.187531,-9.227249,4.965576,-26.448632,64.993041,9.251678
'04-Oct-2021 17:47:21.032',-1.130066,-9.241623,4.941635,-26.509233,64.853479,8.944392
'04-Oct-2021 17:47:21.041',-1.072601,-9.241623,4.989517,-26.606932,64.703693,8.698277
'04-Oct-2021 17:47:21.050',-1.072601,-9.227249,5.032608,-26.746411,64.545472,8.490846
'04-Oct-2021 17:47:21.058',-1.144424,-9.222458,5.094864,-26.917968,64.375277,8.303725
'04-Oct-2021 17:47:21.068',-1.177948,-9.236832,5.137955,-27.126914,64.190671,8.137342
'04-Oct-2021 17:47:21.077',-1.144424,-9.212891,5.17627,-27.353282,63.993757,7.990492
'04-Oct-2021 17:47:21.086',-1.125275,-9.150635,5.190628,-27.572873,63.787157,7.863729
'04-Oct-2021 17:47:21.095',-1.091751,-9.03093,5.21936,-27.781943,63.571344,7.763904
'04-Oct-2021 17:47:21.104',-1.034302,-9.002197,5.248093,-27.956605,63.347477,7.694224
'04-Oct-2021 17:47:21.113',-1.019928,-8.983047,5.243301,-28.11909,63.116057,7.647268
'04-Oct-2021 17:47:21.122',-1.096542,-8.978256,5.21936,-28.246678,62.881098,7.622026
'04-Oct-2021 17:47:21.131',-1.201889,-8.983047,5.200211,-28.407773,62.648114,7.628789
'04-Oct-2021 17:47:21.140',-1.259354,-8.983047,5.248093,-28.601067,62.419412,7.68348
'04-Oct-2021 17:47:21.149',-1.268921,-8.973465,5.430054,-28.828815,62.188217,7.794059
'04-Oct-2021 17:47:21.158',-1.254562,-9.01178,5.559341,-29.090298,61.9433,7.964711
'04-Oct-2021 17:47:21.167',-1.268921,-9.054871,5.693405,-29.38121,61.677278,8.210477
'04-Oct-2021 17:47:21.176',-1.254562,-9.07402,5.73172,-29.680823,61.388142,8.539899
'04-Oct-2021 17:47:21.185',-1.254562,-9.117126,5.798752,-30.009536,61.075825,8.93994
'04-Oct-2021 17:47:21.194',-1.393433,-9.064453,5.77002,-30.342729,60.73952,9.363961
'04-Oct-2021 17:47:21.203',-1.680725,-9.006989,5.616791,-30.692876,60.388715,9.772569
'04-Oct-2021 17:47:21.212',-1.924942,-8.896851,5.525818,-31.09489,60.033162,10.13515
'04-Oct-2021 17:47:21.221',-2.097321,-8.810669,5.487503,-31.547244,59.676879,10.433603
'04-Oct-2021 17:47:21.230',-2.183517,-8.786713,5.544968,-32.065979,59.317932,10.667064
'04-Oct-2021 17:47:21.239',-2.106903,-8.796295,5.650314,-32.642878,58.954689,10.85981
'04-Oct-2021 17:47:21.248',-1.910568,-8.877701,5.77002,-33.248832,58.581528,11.025579
'04-Oct-2021 17:47:21.257',-1.781281,-8.954315,5.851425,-33.872599,58.197624,11.169618
'04-Oct-2021 17:47:21.266',-1.642426,-8.987839,5.913681,-34.467867,57.801897,11.292983
'04-Oct-2021 17:47:21.275',-1.565811,-8.930374,5.88974,-35.071655,57.400841,11.400551
'04-Oct-2021 17:47:21.284',-1.599319,-8.848969,5.92804,-35.642523,56.992454,11.493748
'04-Oct-2021 17:47:21.293',-1.680725,-8.738831,5.899307,-36.218027,56.574481,11.584954
'04-Oct-2021 17:47:21.302',-1.675934,-8.623917,6.004654,-36.787416,56.14701,11.679733
'04-Oct-2021 17:47:21.311',-1.800446,-8.53772,5.880157,-37.366022,55.716551,11.780844
'04-Oct-2021 17:47:21.320',-1.977615,-8.418015,5.736511,-37.957199,55.290299,11.875608
'04-Oct-2021 17:47:21.329',-2.082962,-8.398865,5.717346,-38.59019,54.872842,11.934547
'04-Oct-2021 17:47:21.338',-2.183517,-8.394073,5.774811,-39.245014,54.46523,11.933063
'04-Oct-2021 17:47:21.347',-2.269699,-8.350983,5.875366,-39.911585,54.062525,11.866749
'04-Oct-2021 17:47:21.356',-2.312805,-8.327026,6.08606,-40.567304,53.652068,11.743488
'04-Oct-2021 17:47:21.365',-2.303223,-8.307877,6.301544,-41.226964,53.217979,11.577935
'04-Oct-2021 17:47:21.374',-2.269699,-8.336609,6.339844,-41.873059,52.759769,11.384267
'04-Oct-2021 17:47:21.383',-2.178726,-8.336609,6.311111,-42.518238,52.280542,11.160141
'04-Oct-2021 17:47:21.392',-2.082962,-8.307877,6.282379,-43.148774,51.788338,10.916393
'04-Oct-2021 17:47:21.401',-1.991974,-8.240845,6.268021,-43.792704,51.298026,10.69385
'04-Oct-2021 17:47:21.410',-1.867477,-8.188171,6.24408,-44.426002,50.819268,10.541084
'04-Oct-2021 17:47:21.419',-1.848328,-8.082825,6.296753,-45.079576,50.3528,10.491644
'04-Oct-2021 17:47:21.428',-1.905777,-7.982269,6.387726,-45.732218,49.896837,10.559674
'04-Oct-2021 17:47:21.437',-1.972824,-7.987061,6.493073,-46.410015,49.450512,10.750763
'04-Oct-2021 17:47:21.446',-2.035065,-7.958328,6.588837,-47.106903,49.004811,11.051753
'04-Oct-2021 17:47:21.455',-2.126053,-7.96312,6.617569,-47.811304,48.551628,11.431263
'04-Oct-2021 17:47:21.464',-2.303223,-7.958328,6.608002,-48.519847,48.08684,11.842126
'04-Oct-2021 17:47:21.473',-2.47081,-7.929596,6.64151,-49.245012,47.610363,12.231606
'04-Oct-2021 17:47:21.482',-2.595322,-7.86734,6.655884,-49.977983,47.126154,12.559796
'04-Oct-2021 17:47:21.491',-2.652771,-7.78595,6.579269,-50.710644,46.633397,12.80969
'04-Oct-2021 17:47:21.500',-2.681503,-7.69017,6.579269,-51.437007,46.132307,12.989363
'04-Oct-2021 17:47:21.509',-2.643204,-7.618347,6.531387,-52.165768,45.627129,13.115438
'04-Oct-2021 17:47:21.518',-2.614471,-7.556107,6.478714,-52.884007,45.119629,13.212654
'04-Oct-2021 17:47:21.527',-2.576157,-7.522583,6.406891,-53.620229,44.617808,13.317721
'04-Oct-2021 17:47:21.536',-2.533066,-7.436386,6.373367,-54.363794,44.129951,13.465083
'04-Oct-2021 17:47:21.545',-2.485184,-7.398087,6.344635,-55.129602,43.663736,13.668914
'04-Oct-2021 17:47:21.554',-2.461243,-7.35498,6.301544,-55.90907,43.224961,13.922711
'04-Oct-2021 17:47:21.563',-2.446869,-7.278366,6.301544,-56.690939,42.812398,14.209859
'04-Oct-2021 17:47:21.572',-2.446869,-7.254425,6.354218,-57.471957,42.426144,14.509702
'04-Oct-2021 17:47:21.581',-2.45166,-7.173035,6.4021,-58.254205,42.063426,14.805856
'04-Oct-2021 17:47:21.590',-2.475601,-7.067688,6.459549,-59.018975,41.723269,15.079676
'04-Oct-2021 17:47:21.599',-2.47081,-6.952759,6.512222,-59.743494,41.399163,15.303964
'04-Oct-2021 17:47:21.608',-2.504333,-6.880936,6.62236,-60.449667,41.080764,15.464735
'04-Oct-2021 17:47:21.617',-2.64798,-6.847412,6.675034,-61.128001,40.761702,15.56805
'04-Oct-2021 17:47:21.626',-2.78685,-6.813904,6.732498,-61.804879,40.440051,15.625234
'04-Oct-2021 17:47:21.635',-2.873047,-6.751648,6.679825,-62.474593,40.113773,15.647385
'04-Oct-2021 17:47:21.644',-2.959229,-6.698975,6.722916,-63.16951,39.777345,15.646621
'04-Oct-2021 17:47:21.653',-2.98317,-6.670242,6.713348,-63.912962,39.428387,15.62687
'04-Oct-2021 17:47:21.662',-2.94487,-6.698975,6.660675,-64.694234,39.071226,15.576839
'04-Oct-2021 17:47:21.671',-2.896988,-6.727707,6.698975,-65.499253,38.708738,15.479577
'04-Oct-2021 17:47:21.680',-2.887405,-6.746857,6.847412,-66.337816,38.344972,15.330382
'04-Oct-2021 17:47:21.689',-2.801208,-6.742065,6.967133,-67.168087,37.986773,15.13742
'04-Oct-2021 17:47:21.698',-2.681503,-6.670242,7.053314,-68.007879,37.632351,14.910831
'04-Oct-2021 17:47:21.707',-2.580948,-6.584061,7.144302,-68.822871,37.276707,14.664969
'04-Oct-2021 17:47:21.716',-2.533066,-6.550537,7.206543,-69.620309,36.915714,14.421007
'04-Oct-2021 17:47:21.725',-2.566589,-6.545746,7.235275,-70.379171,36.546573,14.194919
'04-Oct-2021 17:47:21.734',-2.64798,-6.517014,7.244858,-71.166801,36.167897,13.99652
'04-Oct-2021 17:47:21.743',-2.734177,-6.502655,7.268799,-71.959513,35.784058,13.832503
'04-Oct-2021 17:47:21.752',-2.74855,-6.512222,7.316681,-72.797051,35.397285,13.704753
'04-Oct-2021 17:47:21.761',-2.700653,-6.478714,7.340622,-73.656343,35.005823,13.603339
'04-Oct-2021 17:47:21.769',-2.667145,-6.440399,7.302322,-74.541836,34.609142,13.50874
'04-Oct-2021 17:47:21.779',-2.676712,-6.349426,7.307098,-75.418457,34.204764,13.404133
'04-Oct-2021 17:47:21.788',-2.676712,-6.272812,7.302322,-76.317057,33.795394,13.283277
'04-Oct-2021 17:47:21.797',-2.705444,-6.196198,7.345413,-77.195747,33.385411,13.140871
'04-Oct-2021 17:47:21.806',-2.705444,-6.162674,7.35498,-78.092114,32.981218,12.972781
'04-Oct-2021 17:47:21.815',-2.705444,-6.167465,7.369354,-78.981473,32.58395,12.783541
'04-Oct-2021 17:47:21.824',-2.719818,-6.162674,7.45076,-79.885223,32.188882,12.587224
'04-Oct-2021 17:47:21.833',-2.738968,-6.057327,7.513,-80.779397,31.789203,12.402575
'04-Oct-2021 17:47:21.842',-2.738968,-6.028595,7.503433,-81.695053,31.386639,12.2492
'04-Oct-2021 17:47:21.851',-2.676712,-6.095642,7.484268,-82.60762,30.98572,12.132642
'04-Oct-2021 17:47:21.860',-2.619263,-6.114792,7.431595,-83.54464,30.589631,12.049169
'04-Oct-2021 17:47:21.869',-2.576157,-6.095642,7.465118,-84.491878,30.196932,11.983547
'04-Oct-2021 17:47:21.878',-2.59053,-6.06691,7.474701,-85.457831,29.805047,11.914665
'04-Oct-2021 17:47:21.887',-2.657562,-5.899307,7.541733,-86.425,29.413339,11.825211
'04-Oct-2021 17:47:21.896',-2.724594,-5.803543,7.584824,-87.409947,29.025975,11.709462
'04-Oct-2021 17:47:21.905',-2.700653,-5.71257,7.613556,-88.382757,28.6456,11.566094
'04-Oct-2021 17:47:21.914',-2.595322,-5.674255,7.733276,-89.385709,28.272045,11.401047
'04-Oct-2021 17:47:21.923',-2.422928,-5.683838,7.852982,-90.352891,27.902066,11.22942
'04-Oct-2021 17:47:21.932',-2.250549,-5.659897,7.920013,-91.355262,27.529783,11.063592
'04-Oct-2021 17:47:21.941',-2.164352,-5.645523,7.982269,-92.311653,27.146834,10.917079
'04-Oct-2021 17:47:21.950',-2.173935,-5.583282,7.991852,-93.294203,26.751179,10.800449
'04-Oct-2021 17:47:21.959',-2.298431,-5.501877,7.987061,-94.237848,26.348964,10.705294
'04-Oct-2021 17:47:21.968',-2.398987,-5.41568,7.953537,-95.228669,25.947417,10.613417
'04-Oct-2021 17:47:21.977',-2.446869,-5.324707,7.881714,-96.223118,25.549817,10.501371
'04-Oct-2021 17:47:21.986',-2.427719,-5.262451,7.920013,-97.244306,25.161413,10.360598
'04-Oct-2021 17:47:21.995',-2.384628,-5.205002,7.96312,-98.25973,24.782341,10.205538
'04-Oct-2021 17:47:22.004',-2.2314,-5.171478,7.977478,-99.299824,24.41036,10.056577
'04-Oct-2021 17:47:22.013',-2.078171,-5.123596,7.967911,-100.320275,24.046642,9.929464
'04-Oct-2021 17:47:22.022',-1.915359,-5.075714,8.082825,-101.352788,23.692314,9.834404
'04-Oct-2021 17:47:22.031',-1.742981,-5.008667,8.087616,-102.345692,23.346714,9.777895
'04-Oct-2021 17:47:22.040',-1.656784,-4.932053,8.159439,-103.357742,23.003975,9.758431
'04-Oct-2021 17:47:22.049',-1.714249,-4.869812,8.173798,-104.361834,22.658019,9.766061
'04-Oct-2021 17:47:22.058',-1.843536,-4.855438,8.140289,-105.363516,22.311815,9.788558
'04-Oct-2021 17:47:22.067',-2.025497,-4.845871,8.192963,-106.360239,21.963435,9.810342
'04-Oct-2021 17:47:22.076',-2.121262,-4.826706,8.250412,-107.387711,21.609638,9.816091
'04-Oct-2021 17:47:22.085',-2.121262,-4.812347,8.307877,-108.433242,21.249996,9.801595
'04-Oct-2021 17:47:22.094',-2.020706,-4.774033,8.355759,-109.498089,20.885438,9.772466
'04-Oct-2021 17:47:22.103',-1.819595,-4.707001,8.451538,-110.573837,20.515952,9.728025
'04-Oct-2021 17:47:22.112',-1.594543,-4.596863,8.523361,-111.635118,20.138219,9.657243
'04-Oct-2021 17:47:22.121',-1.42215,-4.48674,8.580826,-112.66686,19.751859,9.557598
'04-Oct-2021 17:47:22.130',-1.345535,-4.405334,8.643066,-113.674743,19.354782,9.43265
'04-Oct-2021 17:47:22.139',-1.355118,-4.362228,8.686157,-114.647266,18.947592,9.280824
'04-Oct-2021 17:47:22.148',-1.38385,-4.352661,8.628708,-115.615172,18.53464,9.102453
'04-Oct-2021 17:47:22.157',-1.350327,-4.280838,8.623917,-116.611055,18.121489,8.899247
'04-Oct-2021 17:47:22.166',-1.273712,-4.199432,8.690948,-117.571188,17.709453,8.684382
'04-Oct-2021 17:47:22.175',-1.168365,-4.15155,8.777145,-118.5168,17.307807,8.486655
'04-Oct-2021 17:47:22.184',-1.091751,-4.113235,8.887283,-119.487671,16.922905,8.337077
'04-Oct-2021 17:47:22.193',-1.034302,-4.041412,9.045288,-120.478062,16.553129,8.255503
'04-Oct-2021 17:47:22.202',-0.981628,-3.99353,9.126694,-121.458003,16.191184,8.245743
'04-Oct-2021 17:47:22.211',-0.962463,-3.936066,9.174576,-122.430062,15.834486,8.295755
'04-Oct-2021 17:47:22.220',-0.991196,-3.907333,9.18895,-123.361454,15.48158,8.386026
'04-Oct-2021 17:47:22.229',-1.06781,-3.830719,9.160217,-124.300714,15.128833,8.50377
'04-Oct-2021 17:47:22.238',-1.072601,-3.758896,9.145844,-125.233554,14.771843,8.644132
'04-Oct-2021 17:47:22.247',-1.197098,-3.65834,9.088394,-126.144551,14.409884,8.785452
'04-Oct-2021 17:47:22.256',-1.316818,-3.586517,9.006989,-127.027845,14.049166,8.892717
'04-Oct-2021 17:47:22.265',-1.359909,-3.495529,8.983047,-127.903939,13.698305,8.95253
'04-Oct-2021 17:47:22.274',-1.374268,-3.418915,9.088394,-128.78849,13.361511,8.971436
'04-Oct-2021 17:47:22.283',-1.38385,-3.356674,9.155426,-129.681332,13.040952,8.964034
'04-Oct-2021 17:47:22.292',-1.288086,-3.304001,9.203308,-130.563847,12.73363,8.941234
'04-Oct-2021 17:47:22.301',-1.120483,-3.28006,9.208099,-131.445023,12.432321,8.909248
'04-Oct-2021 17:47:22.310',-0.952896,-3.203445,9.198517,-132.314766,12.130965,8.867855
'04-Oct-2021 17:47:22.319',-0.8284,-3.165131,9.160217,-133.174783,11.831423,8.812144
'04-Oct-2021 17:47:22.328',-0.804459,-3.10289,9.145844,-134.030359,11.531284,8.735702
'04-Oct-2021 17:47:22.337',-0.785294,-3.055008,9.126694,-134.844627,11.223724,8.628909
'04-Oct-2021 17:47:22.346',-0.823608,-3.007111,9.045288,-135.655958,10.903578,8.497025
'04-Oct-2021 17:47:22.355',-0.885849,-2.954453,9.050079,-136.422824,10.578897,8.354522
'04-Oct-2021 17:47:22.364',-0.919373,-2.901779,9.07402,-137.196343,10.26352,8.21847
'04-Oct-2021 17:47:22.373',-0.905014,-2.844315,9.069229,-137.950943,9.972541,8.102451
'04-Oct-2021 17:47:22.382',-0.895432,-2.758118,9.07402,-138.717959,9.708967,8.014839
'04-Oct-2021 17:47:22.391',-0.861908,-2.643204,9.145844,-139.472804,9.46879,7.954484
'04-Oct-2021 17:47:22.400',-0.914581,-2.585739,9.203308,-140.255271,9.250911,7.910267
'04-Oct-2021 17:47:22.409',-0.943314,-2.513916,9.255981,-141.003381,9.050585,7.869552
'04-Oct-2021 17:47:22.418',-0.943314,-2.456451,9.303864,-141.787323,8.86394,7.817837
'04-Oct-2021 17:47:22.427',-0.90979,-2.45166,9.351746,-142.511733,8.687043,7.742719
'04-Oct-2021 17:47:22.436',-0.885849,-2.446869,9.399643,-143.269474,8.509474,7.633698
'04-Oct-2021 17:47:22.445',-0.847549,-2.47081,9.404419,-143.958545,8.325207,7.494442
'04-Oct-2021 17:47:22.454',-0.833176,-2.489975,9.361328,-144.671644,8.131931,7.338538
'04-Oct-2021 17:47:22.463',-0.785294,-2.437302,9.284714,-145.325348,7.933229,7.177795
'04-Oct-2021 17:47:22.472',-0.756561,-2.336746,9.23204,-146.059811,7.738185,7.01397
'04-Oct-2021 17:47:22.480',-0.689529,-2.236191,9.193741,-146.70786,7.55128,6.842861
'04-Oct-2021 17:47:22.490',-0.608124,-2.154785,9.193741,-147.406971,7.375657,6.668081
'04-Oct-2021 17:47:22.499',-0.502777,-2.035065,9.18895,-148.06368,7.212967,6.49713
'04-Oct-2021 17:47:22.508',-0.445328,-1.982407,9.236832,-148.791231,7.066862,6.329653
'04-Oct-2021 17:47:22.517',-0.445328,-1.891418,9.255981,-149.445304,6.941067,6.152251
'04-Oct-2021 17:47:22.526',-0.464478,-1.853119,9.313446,-150.159004,6.838415,5.95948
'04-Oct-2021 17:47:22.535',-0.478836,-1.829163,9.42836,-150.807558,6.752253,5.756746
'04-Oct-2021 17:47:22.544',-0.459686,-1.857895,9.490616,-151.561215,6.677715,5.550972
'04-Oct-2021 17:47:22.553',-0.49321,-1.901001,9.552872,-152.194851,6.606032,5.357494
'04-Oct-2021 17:47:22.562',-0.541092,-1.929733,9.629486,-152.898402,6.529701,5.188883
'04-Oct-2021 17:47:22.571',-0.612915,-1.948883,9.667786,-153.520031,6.436287,5.047549
'04-Oct-2021 17:47:22.580',-0.646439,-2.011124,9.682144,-154.20055,6.315581,4.93074
'04-Oct-2021 17:47:22.589',-0.660797,-2.025497,9.629486,-154.827903,6.168395,4.835582
'04-Oct-2021 17:47:22.598',-0.646439,-1.996765,9.447525,-155.527041,5.999192,4.747273
'04-Oct-2021 17:47:22.607',-0.560242,-1.905777,9.294296,-156.163929,5.825705,4.644093
'04-Oct-2021 17:47:22.616',-0.584183,-1.795654,9.270355,-156.860212,5.674043,4.513766
'04-Oct-2021 17:47:22.625',-0.646439,-1.618484,9.255981,-157.476281,5.550279,4.351233
'04-Oct-2021 17:47:22.634',-0.737411,-1.546661,9.198517,-158.152197,5.454264,4.163176
'04-Oct-2021 17:47:22.643',-0.8284,-1.522705,9.212891,-158.748841,5.38477,3.96149
'04-Oct-2021 17:47:22.652',-0.842758,-1.484406,9.179367,-159.43462,5.330535,3.764138
'04-Oct-2021 17:47:22.661',-0.780502,-1.412582,9.203308,-160.036646,5.280053,3.581552
'04-Oct-2021 17:47:22.670',-0.617706,-1.3647,9.217682,-160.718641,5.227811,3.41213
'04-Oct-2021 17:47:22.679',-0.440536,-1.307236,9.375687,-161.303892,5.163935,3.247116
'04-Oct-2021 17:47:22.688',-0.378281,-1.283295,9.500198,-161.931546,5.077784,3.08282
'04-Oct-2021 17:47:22.697',-0.435745,-1.340759,9.504974,-162.456678,4.966515,2.930852
'04-Oct-2021 17:47:22.706',-0.588974,-1.3647,9.524139,-163.037503,4.838516,2.809732
'04-Oct-2021 17:47:22.715',-0.73262,-1.374268,9.471466,-163.528102,4.703122,2.723526
'04-Oct-2021 17:47:22.724',-0.799667,-1.355118,9.275131,-164.10095,4.571251,2.657464
'04-Oct-2021 17:47:22.733',-0.756561,-1.273712,9.155426,-164.602792,4.459191,2.60356
'04-Oct-2021 17:47:22.742',-0.646439,-1.149216,9.078812,-165.206799,4.376153,2.559626
'04-Oct-2021 17:47:22.751',-0.454895,-1.024719,9.184158,-165.713694,4.319153,2.520063
'04-Oct-2021 17:47:22.760',-0.363922,-0.900223,9.25119,-166.31023,4.275449,2.481145
'04-Oct-2021 17:47:22.769',-0.282516,-0.90979,9.265564,-166.780447,4.241701,2.445071
'04-Oct-2021 17:47:22.778',-0.287308,-0.972046,9.351746,-167.338474,4.215,2.420745
'04-Oct-2021 17:47:22.787',-0.368713,-1.053452,9.471466,-167.763216,4.189457,2.41275
'04-Oct-2021 17:47:22.796',-0.464478,-1.177948,9.528915,-168.249484,4.160059,2.422695
'04-Oct-2021 17:47:22.805',-0.507568,-1.307236,9.619904,-168.668134,4.124758,2.447212
'04-Oct-2021 17:47:22.814',-0.502777,-1.331177,9.682144,-169.139294,4.082386,2.482897
'04-Oct-2021 17:47:22.823',-0.450104,-1.288086,9.696518,-169.570689,4.03956,2.520207
'04-Oct-2021 17:47:22.832',-0.421387,-1.254562,9.739609,-170.035729,3.997977,2.545997
'04-Oct-2021 17:47:22.841',-0.39743,-1.187531,9.749191,-170.45401,3.954988,2.544822
'04-Oct-2021 17:47:22.850',-0.311249,-1.106125,9.619904,-170.886552,3.921121,2.518221
'04-Oct-2021 17:47:22.859',-0.244202,-1.043869,9.495407,-171.250628,3.912195,2.496242
'04-Oct-2021 17:47:22.868',-0.296875,-1.043869,9.54808,-171.617355,3.937007,2.505622
'04-Oct-2021 17:47:22.877',-0.421387,-1.091751,9.514557,-171.916517,3.99664,2.54956
'04-Oct-2021 17:47:22.886',-0.531509,-1.144424,9.519348,-172.238738,4.077733,2.61724
'04-Oct-2021 17:47:22.895',-0.632065,-1.192307,9.581589,-172.523653,4.15853,2.695477
'04-Oct-2021 17:47:22.904',-0.67038,-1.278503,9.591171,-172.819454,4.217728,2.774782
'04-Oct-2021 17:47:22.913',-0.55545,-1.335968,9.557648,-173.160827,4.242636,2.847465
'04-Oct-2021 17:47:22.922',-0.454895,-1.359909,9.54808,-173.507377,4.235956,2.905428
'04-Oct-2021 17:47:22.931',-0.411804,-1.321594,9.543289,-173.832112,4.211261,2.934977
'04-Oct-2021 17:47:22.940',-0.407013,-1.283295,9.504974,-174.154552,4.188586,2.923294
'04-Oct-2021 17:47:22.949',-0.464478,-1.230621,9.433151,-174.559104,4.183175,2.861276
'04-Oct-2021 17:47:22.958',-0.545883,-1.197098,9.466675,-174.876229,4.211142,2.73433
'04-Oct-2021 17:47:22.967',-0.502777,-1.187531,9.399643,-175.256876,4.272621,2.534433
'04-Oct-2021 17:47:22.976',-0.272934,-1.211472,9.399643,-175.57254,4.364108,2.29031
'04-Oct-2021 17:47:22.985',0.057465,-1.22583,9.543289,-175.936548,4.472442,2.063556
'04-Oct-2021 17:47:22.994',0.35434,-1.264145,9.648636,-176.217719,4.573444,1.912181
'04-Oct-2021 17:47:23.003',0.51236,-1.283295,9.749191,-176.503932,4.643978,1.857796
'04-Oct-2021 17:47:23.012',0.531509,-1.297653,9.753983,-176.727375,4.675005,1.87858
'04-Oct-2021 17:47:23.021',0.464478,-1.302444,9.667786,-176.956801,4.673206,1.930691
'04-Oct-2021 17:47:23.030',0.363922,-1.321594,9.624695,-177.134864,4.649107,1.975004
'04-Oct-2021 17:47:23.039',0.301666,-1.268921,9.629486,-177.337543,4.615164,1.996169
'04-Oct-2021 17:47:23.048',0.282516,-1.235413,9.634262,-177.480034,4.579956,1.990721
'04-Oct-2021 17:47:23.057',0.287308,-1.20668,9.581589,-177.632388,4.552518,1.959037
'04-Oct-2021 17:47:23.066',0.277725,-1.168365,9.624695,-177.725661,4.540823,1.91432
'04-Oct-2021 17:47:23.075',0.292099,-1.182739,9.753983,-177.827404,4.543091,1.876011
'04-Oct-2021 17:47:23.084',0.311249,-1.197098,9.873688,-177.869368,4.551654,1.857157
'04-Oct-2021 17:47:23.093',0.330399,-1.20668,9.888046,-177.926182,4.55739,1.852341
'04-Oct-2021 17:47:23.102',0.339981,-1.201889,9.773132,-177.930253,4.553221,1.862292
'04-Oct-2021 17:47:23.111',0.320816,-1.201889,9.730042,-177.956686,4.542693,1.901341
'04-Oct-2021 17:47:23.120',0.215485,-1.158798,9.720459,-177.932479,4.527543,1.980973
'04-Oct-2021 17:47:23.129',-0.009583,-1.158798,9.720459,-177.923313,4.509833,2.084742
'04-Oct-2021 17:47:23.138',-0.210693,-1.201889,9.653427,-177.883671,4.494611,2.176996
'04-Oct-2021 17:47:23.147',-0.383072,-1.240204,9.667786,-177.869409,4.490491,2.233757
'04-Oct-2021 17:47:23.156',-0.502777,-1.283295,9.7061,-177.83269,4.501922,2.256518
'04-Oct-2021 17:47:23.165',-0.588974,-1.302444,9.768341,-177.836297,4.524042,2.258531
'04-Oct-2021 17:47:23.174',-0.646439,-1.297653,9.797073,-177.800165,4.557029,2.247897
'04-Oct-2021 17:47:23.183',-0.71347,-1.273712,9.76355,-177.793294,4.594916,2.227761
'04-Oct-2021 17:47:23.191',-0.775726,-1.249771,9.782715,-177.750523,4.632461,2.198043
'04-Oct-2021 17:47:23.201',-0.823608,-1.273712,9.811432,-177.735674,4.662488,2.165532
'04-Oct-2021 17:47:23.210',-0.881073,-1.302444,9.777924,-177.691305,4.678423,2.140311
'04-Oct-2021 17:47:23.219',-0.928955,-1.321594,9.787491,-177.683205,4.679376,2.131232
'04-Oct-2021 17:47:23.228',-0.962463,-1.340759,9.701309,-177.65251,4.670169,2.131823
'04-Oct-2021 17:47:23.237',-0.972046,-1.350327,9.634262,-177.676101,4.663454,2.131773
'04-Oct-2021 17:47:23.246',-0.957687,-1.340759,9.715668,-177.672618,4.67158,2.129392
'04-Oct-2021 17:47:23.255',-0.943314,-1.268921,9.821014,-177.750714,4.686408,2.124303
'04-Oct-2021 17:47:23.264',-0.87149,-1.254562,9.878479,-177.775713,4.699506,2.105238
'04-Oct-2021 17:47:23.273',-0.761353,-1.22583,9.926361,-177.85814,4.702799,2.055581
'04-Oct-2021 17:47:23.282',-0.560242,-1.20668,9.854538,-177.89184,4.693001,1.973222
'04-Oct-2021 17:47:23.291',-0.368713,-1.240204,9.797073,-177.968925,4.672047,1.876689
'04-Oct-2021 17:47:23.300',-0.234634,-1.240204,9.801865,-177.983938,4.639256,1.788279
'04-Oct-2021 17:47:23.309',-0.201111,-1.221039,9.734818,-178.04582,4.597686,1.717984
'04-Oct-2021 17:47:23.318',-0.19632,-1.187531,9.682144,-178.04612,4.555024,1.661283
'04-Oct-2021 17:47:23.327',-0.191544,-1.130066,9.610321,-178.114477,4.515889,1.61079
'04-Oct-2021 17:47:23.336',-0.153229,-1.106125,9.624695,-178.122441,4.485624,1.576556
'04-Oct-2021 17:47:23.345',-0.086197,-1.058243,9.672577,-178.207695,4.461437,1.571583
'04-Oct-2021 17:47:23.354',-0.038315,-1.02951,9.753983,-178.224771,4.438509,1.594657
'04-Oct-2021 17:47:23.363',-0.057465,-1.02951,9.734818,-178.264085,4.415114,1.634668
'04-Oct-2021 17:47:23.372',-0.086197,-1.02951,9.739609,-178.279917,4.389929,1.67588
'04-Oct-2021 17:47:23.381',-0.17717,-1.039078,9.691727,-178.338138,4.365667,1.712109
'04-Oct-2021 17:47:23.390',-0.244202,-1.058243,9.710876,-178.348178,4.343602,1.745957
'04-Oct-2021 17:47:23.399',-0.292099,-1.039078,9.677368,-178.40088,4.321457,1.777756
'04-Oct-2021 17:47:23.408',-0.378281,-1.077393,9.634262,-178.404568,4.303954,1.798826
'04-Oct-2021 17:47:23.417',-0.459686,-1.072601,9.60553,-178.462734,4.292489,1.803552
'04-Oct-2021 17:47:23.426',-0.498001,-1.06781,9.662994,-178.466395,4.287799,1.798059
'04-Oct-2021 17:47:23.435',-0.459686,-1.072601,9.696518,-178.514343,4.288844,1.79054
'04-Oct-2021 17:47:23.443',-0.383072,-1.02951,9.730042,-178.517349,4.29677,1.780045
'04-Oct-2021 17:47:23.453',-0.359131,-1.043869,9.777924,-178.594174,4.313922,1.761499
'04-Oct-2021 17:47:23.462',-0.39743,-1.015137,9.787491,-178.591579,4.3352,1.738829
'04-Oct-2021 17:47:23.471',-0.469269,-0.976837,9.797073,-178.625812,4.354135,1.722449
'04-Oct-2021 17:47:23.480',-0.526718,-1.019928,9.777924,-178.621359,4.367638,1.713306
'04-Oct-2021 17:47:23.489',-0.507568,-1.072601,9.768341,-178.635729,4.376109,1.698373
'04-Oct-2021 17:47:23.498',-0.526718,-1.086975,9.768341,-178.638366,4.409945,1.692778
'04-Oct-2021 17:47:23.507',-0.574615,-1.106125,9.787491,-178.644759,4.444224,1.68441
'04-Oct-2021 17:47:23.516',-0.550659,-1.134857,9.792282,-178.738319,4.481711,1.673345
'04-Oct-2021 17:47:23.525',-0.478836,-1.115692,9.811432,-178.75478,4.518212,1.664217
'04-Oct-2021 17:47:23.534',-0.392654,-1.106125,9.88327,-178.810282,4.555468,1.668709
'04-Oct-2021 17:47:23.543',-0.320816,-1.053452,9.931152,-178.878351,4.590719,1.681703
'04-Oct-2021 17:47:23.552',-0.301666,-1.005569,9.935944,-178.904128,4.62007,1.695773
'04-Oct-2021 17:47:23.561',-0.277725,-0.976837,9.94072,-178.974343,4.641349,1.704362
'04-Oct-2021 17:47:23.570',-0.272934,-1.000778,9.916779,-178.998972,4.660384,1.708483
'04-Oct-2021 17:47:23.579',-0.277725,-1.039078,9.912003,-179.020132,4.674756,1.710488
'04-Oct-2021 17:47:23.588',-0.311249,-1.063019,9.868896,-179.099964,4.688547,1.713612
'04-Oct-2021 17:47:23.597',-0.301666,-1.053452,9.835388,-179.114225,4.700365,1.70496
'04-Oct-2021 17:47:23.606',-0.301666,-1.019928,9.854538,-179.162091,4.714898,1.678477
'04-Oct-2021 17:47:23.615',-0.248993,-1.106125,9.821014,-179.170683,4.734884,1.640084
'04-Oct-2021 17:47:23.624',-0.201111,-1.154007,9.816223,-179.219301,4.718998,1.625944
'04-Oct-2021 17:47:23.633',-0.134079,-0.981628,9.782715,-179.215544,4.709251,1.606377
'04-Oct-2021 17:47:23.642',-0.201111,-1.086975,9.926361,-179.242359,4.71646,1.567428
'04-Oct-2021 17:47:23.651',-0.306458,-1.077393,9.868896,-179.218795,4.715803,1.549047
'04-Oct-2021 17:47:23.660',-0.248993,-1.010361,9.854538,-179.235912,4.706477,1.550295
'04-Oct-2021 17:47:23.669',-0.19632,-0.952896,9.830597,-179.210462,4.682541,1.561521
'04-Oct-2021 17:47:23.678',-0.201111,-0.914581,9.7444,-179.214465,4.650993,1.578231
'04-Oct-2021 17:47:06.418',-0.009583,-9.241623,4.065353,-6.288184,66.746863,0.146675
'04-Oct-2021 17:47:06.427',0.014359,-9.193741,4.079727,-6.274351,66.719091,0.101005
'04-Oct-2021 17:47:06.436',0.052673,-9.131485,4.022263,-6.232442,66.690056,0.025888
'04-Oct-2021 17:47:06.445',0.114929,-9.102753,3.883392,-6.155132,66.676068,-0.064849
'04-Oct-2021 17:47:06.454',0.167587,-9.126694,3.864243,-6.063589,66.676389,-0.154616
'04-Oct-2021 17:47:06.463',0.148438,-9.131485,3.849869,-5.993993,66.690233,-0.203101
'04-Oct-2021 17:47:06.472',0.181961,-9.18895,3.897766,-5.963673,66.712787,-0.214428
'04-Oct-2021 17:47:06.481',0.148438,-9.246414,3.888184,-5.930959,66.741788,-0.191073
'04-Oct-2021 17:47:06.490',0.023941,-9.212891,3.912125,-5.951314,66.766759,-0.133305
'04-Oct-2021 17:47:06.499',-0.052673,-9.145844,3.931274,-5.955186,66.786512,-0.062435
'04-Oct-2021 17:47:06.508',-0.062256,-9.160217,3.945648,-5.938376,66.804414,-0.008688
'04-Oct-2021 17:47:06.517',-0.081406,-9.203308,3.936066,-5.918575,66.819023,0.008985
'04-Oct-2021 17:47:06.526',-0.100555,-9.246414,3.916916,-5.886446,66.829644,-0.010852
'04-Oct-2021 17:47:06.535',-0.100555,-9.255981,3.960007,-5.850938,66.833422,-0.056306
'04-Oct-2021 17:47:06.544',-0.071823,-9.23204,3.97438,-5.819697,66.834064,-0.109924
'04-Oct-2021 17:47:06.553',-0.057465,-9.212891,3.964798,-5.784717,66.834815,-0.152134
'04-Oct-2021 17:47:06.562',-0.090973,-9.184158,3.936066,-5.757394,66.839944,-0.161691
'04-Oct-2021 17:47:06.571',-0.090973,-9.160217,3.979156,-5.759965,66.845955,-0.142766
'04-Oct-2021 17:47:06.580',-0.076614,-9.174576,3.969589,-5.752575,66.857648,-0.104097
'04-Oct-2021 17:47:06.589',-0.105347,-9.184158,3.940857,-5.773798,66.873276,-0.052033
'04-Oct-2021 17:47:06.598',-0.153229,-9.193741,4.003113,-5.797736,66.88266,0.010341
'04-Oct-2021 17:47:06.607',-0.148438,-9.212891,4.003113,-5.827305,66.893158,0.066125
'04-Oct-2021 17:47:06.616',-0.124496,-9.255981,3.99353,-5.829188,66.904421,0.111928
'04-Oct-2021 17:47:06.625',-0.15802,-9.279922,4.036621,-5.854868,66.908506,0.158875
'04-Oct-2021 17:47:06.634',-0.15802,-9.303864,4.055771,-5.885993,66.906375,0.201063
'04-Oct-2021 17:47:06.643',-0.143646,-9.299072,4.003113,-5.944715,66.901887,0.234647
'04-Oct-2021 17:47:06.652',-0.134079,-9.275131,3.988739,-5.99581,66.894866,0.263092
'04-Oct-2021 17:47:06.661',-0.081406,-9.270355,4.017471,-6.066638,66.885263,0.274113
'04-Oct-2021 17:47:06.670',-0.014359,-9.279922,4.017471,-6.093725,66.877094,0.263704
'04-Oct-2021 17:47:06.679',0.043091,-9.299072,4.065353,-6.122898,66.866466,0.242717
'04-Oct-2021 17:47:06.688',0.105347,-9.275131,4.108444,-6.118725,66.853195,0.218391
'04-Oct-2021 17:47:06.697',0.17717,-9.270355,4.137177,-6.101392,66.840142,0.190774
'04-Oct-2021 17:47:06.706',0.172379,-9.255981,4.247314,-6.075304,66.816858,0.168459
'04-Oct-2021 17:47:06.715',0.181961,-9.255981,4.304779,-6.061827,66.780972,0.138381
'04-Oct-2021 17:47:06.724',0.124496,-9.279922,4.314346,-6.04075,66.734199,0.109117
'04-Oct-2021 17:47:06.733',0.114929,-9.217682,4.34787,-6.022426,66.6738,0.073759
'04-Oct-2021 17:47:06.742',0.081406,-9.155426,4.458008,-6.019164,66.598026,0.039614
'04-Oct-2021 17:47:06.751',0.067032,-9.112335,4.592072,-6.036493,66.553322,0.009182
'04-Oct-2021 17:47:06.760',0.057465,-9.045288,4.673477,-6.048474,66.497697,-0.047038
'04-Oct-2021 17:47:06.769',0.081406,-9.016571,4.778824,-6.048614,66.427763,-0.131218
'04-Oct-2021 17:47:06.778',0.134079,-9.035721,4.888962,-6.030619,66.344633,-0.233978
'04-Oct-2021 17:47:06.787',0.153229,-9.141068,4.884171,-5.982682,66.253347,-0.343808
'04-Oct-2021 17:47:06.796',0.086197,-9.179367,4.90332,-5.929773,66.154678,-0.443741
'04-Oct-2021 17:47:06.805',0.028732,-9.136276,4.955994,-5.875296,66.048407,-0.530333
'04-Oct-2021 17:47:06.814',-0.033524,-9.069229,4.946426,-5.82499,65.933414,-0.608481
'04-Oct-2021 17:47:06.823',-0.119705,-9.026138,4.917694,-5.762994,65.805656,-0.687568
'04-Oct-2021 17:47:06.831',-0.19632,-9.07402,4.865021,-5.741211,65.667283,-0.776844
'04-Oct-2021 17:47:06.841',-0.263367,-9.174576,4.821915,-5.776821,65.51971,-0.877836
'04-Oct-2021 17:47:06.850',-0.248993,-9.198517,4.826706,-5.804774,65.364979,-0.990495
'04-Oct-2021 17:47:06.859',-0.296875,-9.136276,4.845871,-5.843695,65.205671,-1.10676
'04-Oct-2021 17:47:06.868',-0.383072,-9.059662,4.917694,-5.89895,65.044308,-1.219088
'04-Oct-2021 17:47:06.877',-0.459686,-9.059662,5.01825,-5.961103,64.880076,-1.327454
'04-Oct-2021 17:47:06.886',-0.483627,-9.078812,5.085281,-6.030197,64.709328,-1.44206
'04-Oct-2021 17:47:06.895',-0.579391,-9.102753,5.118805,-6.120215,64.528656,-1.563945
'04-Oct-2021 17:47:06.904',-0.679947,-9.141068,5.090073,-6.211325,64.339112,-1.684253
'04-Oct-2021 17:47:06.913',-0.727844,-9.131485,5.200211,-6.306837,64.141152,-1.789234
'04-Oct-2021 17:47:06.922',-0.699112,-9.112335,5.25766,-6.442231,63.935161,-1.868404
'04-Oct-2021 17:47:06.931',-0.723053,-9.150635,5.25766,-6.602208,63.725815,-1.914847
'04-Oct-2021 17:47:06.940',-0.8284,-9.198517,5.300766,-6.793427,63.511627,-1.922564
'04-Oct-2021 17:47:06.949',-0.876282,-9.165009,5.310333,-7.016774,63.286962,-1.893501
'04-Oct-2021 17:47:06.958',-0.914581,-9.145844,5.243301,-7.300661,63.054353,-1.839573
'04-Oct-2021 17:47:06.967',-0.995987,-9.131485,5.276825,-7.595417,62.816963,-1.770305
'04-Oct-2021 17:47:06.976',-1.139633,-9.088394,5.353439,-7.963896,62.577858,-1.672955
'04-Oct-2021 17:47:06.985',-1.182739,-9.121902,5.39653,-8.368843,62.337559,-1.536707
'04-Oct-2021 17:47:06.994',-1.221039,-9.208099,5.501877,-8.828155,62.091235,-1.367659
'04-Oct-2021 17:47:07.003',-1.268921,-9.313446,5.607224,-9.331211,61.830711,-1.179165
'04-Oct-2021 17:47:07.012',-1.312027,-9.399643,5.616791,-9.880882,61.551206,-0.977972
'04-Oct-2021 17:47:07.021',-1.340759,-9.323029,5.55455,-10.472453,61.250848,-0.751271
'04-Oct-2021 17:47:07.030',-1.321594,-9.208099,5.473145,-11.111935,60.935867,-0.484924
'04-Oct-2021 17:47:07.039',-1.283295,-9.150635,5.401321,-11.781539,60.615415,-0.189334
'04-Oct-2021 17:47:07.048',-1.321594,-9.131485,5.329498,-12.48397,60.294554,0.115288
'04-Oct-2021 17:47:07.057',-1.465256,-9.121902,5.305557,-13.226867,59.974313,0.414173
'04-Oct-2021 17:47:07.066',-1.575378,-9.121902,5.382172,-14.01691,59.650631,0.695271
'04-Oct-2021 17:47:07.075',-1.604111,-9.150635,5.544968,-14.856467,59.318055,0.952604
'04-Oct-2021 17:47:07.084',-1.575378,-9.23204,5.674255,-15.734048,58.969292,1.177603
'04-Oct-2021 17:47:07.093',-1.503555,-9.279922,5.746078,-16.635406,58.594875,1.37049
'04-Oct-2021 17:47:07.102',-1.374268,-9.25119,5.817917,-17.551925,58.195131,1.550085
'04-Oct-2021 17:47:07.111',-1.268921,-9.155426,5.861008,-18.475955,57.776939,1.743751
'04-Oct-2021 17:47:07.120',-1.221039,-9.026138,5.789185,-19.388349,57.347607,1.971071
'04-Oct-2021 17:47:07.129',-1.22583,-8.920792,5.707779,-20.310013,56.91445,2.242821
'04-Oct-2021 17:47:07.138',-1.302444,-8.87291,5.688629,-21.234302,56.482441,2.554129
'04-Oct-2021 17:47:07.147',-1.42215,-8.85376,5.621582,-22.177855,56.053648,2.890711
'04-Oct-2021 17:47:07.156',-1.54187,-8.858551,5.621582,-23.159481,55.628394,3.238288
'04-Oct-2021 17:47:07.165',-1.642426,-8.83461,5.655106,-24.161912,55.200366,3.577963
'04-Oct-2021 17:47:07.174',-1.790863,-8.829819,5.75087,-25.20597,54.765638,3.889242
'04-Oct-2021 17:47:07.183',-1.89621,-8.85376,5.875366,-26.256372,54.317575,4.162236
'04-Oct-2021 17:47:07.192',-1.910568,-8.930374,5.937622,-27.333678,53.851626,4.395055
'04-Oct-2021 17:47:07.201',-1.886627,-8.930374,5.971146,-28.407759,53.367762,4.595553
'04-Oct-2021 17:47:07.210',-1.800446,-8.911224,5.956772,-29.480947,52.867163,4.778333
'04-Oct-2021 17:47:07.219',-1.71904,-8.858551,5.923248,-30.560124,52.352519,4.950304
'04-Oct-2021 17:47:07.228',-1.647217,-8.786713,5.870575,-31.615597,51.833991,5.110833
'04-Oct-2021 17:47:07.237',-1.647217,-8.753204,5.779602,-32.6807,51.318981,5.262661
'04-Oct-2021 17:47:07.246',-1.723831,-8.705322,5.77002,-33.746899,50.807704,5.416042
'04-Oct-2021 17:47:07.255',-1.747772,-8.638275,5.77002,-34.853503,50.303493,5.580111
'04-Oct-2021 17:47:07.264',-1.790863,-8.619125,5.798752,-35.97446,49.806959,5.758786
'04-Oct-2021 17:47:07.273',-1.833954,-8.633484,5.827484,-37.123212,49.311886,5.945048
'04-Oct-2021 17:47:07.282',-1.891418,-8.647858,5.937622,-38.298339,48.81178,6.126065
'04-Oct-2021 17:47:07.291',-1.953674,-8.638275,6.052536,-39.491519,48.299939,6.295299
'04-Oct-2021 17:47:07.300',-1.953674,-8.604767,6.114792,-40.685197,47.768987,6.44125
'04-Oct-2021 17:47:07.309',-1.910568,-8.561661,6.052536,-41.878646,47.21857,6.560056
'04-Oct-2021 17:47:07.318',-1.924942,-8.470688,6.052536,-43.062604,46.655834,6.68056
'04-Oct-2021 17:47:07.327',-1.853119,-8.389282,6.038177,-44.255938,46.096691,6.843955
'04-Oct-2021 17:47:07.336',-1.757339,-8.32225,6.057327,-45.440975,45.554281,7.082485
'04-Oct-2021 17:47:07.345',-1.723831,-8.288727,5.999863,-46.632406,45.032291,7.407376
'04-Oct-2021 17:47:07.354',-1.771713,-8.274368,6.023819,-47.843815,44.528629,7.812786
'04-Oct-2021 17:47:07.363',-1.857895,-8.240845,6.081268,-49.06254,44.040186,8.282618
'04-Oct-2021 17:47:07.372',-1.924942,-8.149857,6.114792,-50.308055,43.561881,8.788015
'04-Oct-2021 17:47:07.381',-2.020706,-8.078033,6.229706,-51.560722,43.085731,9.29451
'04-Oct-2021 17:47:07.390',-2.188293,-8.063675,6.320694,-52.834047,42.602171,9.760723
'04-Oct-2021 17:47:07.399',-2.375046,-8.054092,6.387726,-54.088186,42.101908,10.156796
'04-Oct-2021 17:47:07.408',-2.499542,-8.049301,6.382935,-55.345054,41.574135,10.487979
'04-Oct-2021 17:47:07.417',-2.504333,-8.030151,6.330276,-56.601672,41.023527,10.769683
'04-Oct-2021 17:47:07.426',-2.446869,-7.953537,6.258438,-57.862453,40.460477,11.029607
'04-Oct-2021 17:47:07.435',-2.341522,-7.862564,6.220139,-59.110335,39.903878,11.3016
'04-Oct-2021 17:47:07.444',-2.322372,-7.766785,6.263229,-60.345097,39.367267,11.613441
'04-Oct-2021 17:47:07.453',-2.403778,-7.685394,6.344635,-61.595698,38.856806,11.977731
'04-Oct-2021 17:47:07.462',-2.461243,-7.623138,6.406891,-62.88409,38.371648,12.3946
'04-Oct-2021 17:47:07.471',-2.542648,-7.603989,6.550537,-64.173117,37.898073,12.844772
'04-Oct-2021 17:47:07.480',-2.595322,-7.570465,6.646301,-65.490012,37.416422,13.288001
'04-Oct-2021 17:47:07.489',-2.662354,-7.513,6.713348,-66.794824,36.913699,13.679785
'04-Oct-2021 17:47:07.498',-2.743759,-7.474701,6.789963,-68.09745,36.381952,13.988557
'04-Oct-2021 17:47:07.507',-2.839523,-7.407654,6.770798,-69.369928,35.823885,14.218191
'04-Oct-2021 17:47:07.516',-2.935287,-7.335831,6.78038,-70.640788,35.255664,14.396155
'04-Oct-2021 17:47:07.525',-2.987961,-7.335831,6.95755,-71.879996,34.689315,14.558726
'04-Oct-2021 17:47:07.534',-2.978394,-7.321472,6.986282,-73.114081,34.129233,14.736439
'04-Oct-2021 17:47:07.542',-2.935287,-7.264008,6.995865,-74.353658,33.571828,14.93892
'04-Oct-2021 17:47:07.552',-2.873047,-7.158661,7.038956,-75.61796,33.01262,15.161458
'04-Oct-2021 17:47:07.561',-2.810791,-7.062897,7.043747,-76.885418,32.446619,15.387801
'04-Oct-2021 17:47:07.570',-2.738968,-6.962341,7.091629,-78.171802,31.871107,15.597258
'04-Oct-2021 17:47:07.579',-2.715027,-6.847412,7.062897,-79.456117,31.285077,15.764659
'04-Oct-2021 17:47:07.588',-2.715027,-6.746857,7.058105,-80.744495,30.691926,15.859921
'04-Oct-2021 17:47:07.597',-2.734177,-6.698975,7.144302,-82.00528,30.09061,15.877268
'04-Oct-2021 17:47:07.606',-2.753326,-6.670242,7.225708,-83.28941,29.489516,15.840085
'04-Oct-2021 17:47:07.615',-2.753326,-6.627151,7.307098,-84.528044,28.896003,15.7821
'04-Oct-2021 17:47:07.624',-2.729385,-6.617569,7.398087,-85.766569,28.312483,15.735654
'04-Oct-2021 17:47:07.633',-2.624039,-6.617569,7.426819,-87.006884,27.742902,15.739841
'04-Oct-2021 17:47:07.642',-2.537857,-6.545746,7.45076,-88.253209,27.189397,15.82737
'04-Oct-2021 17:47:07.651',-2.489975,-6.478714,7.479492,-89.510182,26.64946,16.001798
'04-Oct-2021 17:47:07.660',-2.509125,-6.344635,7.46991,-90.777203,26.117055,16.222196
'04-Oct-2021 17:47:07.669',-2.518707,-6.143524,7.493851,-92.041252,25.580454,16.413699
'04-Oct-2021 17:47:07.678',-2.528275,-5.92804,7.46991,-93.309646,25.032435,16.506298
'04-Oct-2021 17:47:07.687',-2.528275,-5.803543,7.532166,-94.552515,24.477719,16.461799
'04-Oct-2021 17:47:07.696',-2.513916,-5.717346,7.575256,-95.799468,23.924349,16.288082
'04-Oct-2021 17:47:07.705',-2.394196,-5.702988,7.565674,-97.001903,23.379288,16.031279
'04-Oct-2021 17:47:07.714',-2.250549,-5.779602,7.594406,-98.184646,22.85509,15.762466
'04-Oct-2021 17:47:07.723',-2.030289,-5.789185,7.666229,-99.362669,22.357714,15.550432
'04-Oct-2021 17:47:07.732',-1.901001,-5.688629,7.647079,-100.542386,21.884157,15.435621
'04-Oct-2021 17:47:07.741',-1.814804,-5.540176,7.594406,-101.721372,21.431216,15.417339
'04-Oct-2021 17:47:07.750',-1.771713,-5.305557,7.503433,-102.922966,20.997309,15.468992
'04-Oct-2021 17:47:07.759',-1.752548,-4.994308,7.422028,-104.106501,20.58522,15.546873
'04-Oct-2021 17:47:07.768',-1.714249,-4.735733,7.374146,-105.293547,20.197908,15.604713
'04-Oct-2021 17:47:07.777',-1.675934,-4.558563,7.402878,-106.459829,19.833807,15.614279
'04-Oct-2021 17:47:07.786',-1.685516,-4.458008,7.489059,-107.613455,19.484791,15.570606
'04-Oct-2021 17:47:07.795',-1.666367,-4.395752,7.580048,-108.735546,19.143369,15.47323
'04-Oct-2021 17:47:07.804',-1.723831,-4.477158,7.642288,-109.842515,18.805959,15.315229
'04-Oct-2021 17:47:07.813',-1.819595,-4.558563,7.704544,-110.908072,18.467421,15.084719
'04-Oct-2021 17:47:07.822',-1.853119,-4.529831,7.613556,-111.958494,18.127875,14.774461
'04-Oct-2021 17:47:07.831',-1.733398,-4.453217,7.551315,-112.978856,17.791466,14.390898
'04-Oct-2021 17:47:07.840',-1.589752,-4.295197,7.60878,-113.991281,17.461249,13.95868
'04-Oct-2021 17:47:07.849',-1.412582,-4.156342,7.747635,-114.977137,17.13989,13.518425
'04-Oct-2021 17:47:07.858',-1.221039,-4.041412,7.78595,-115.963102,16.832747,13.1093
'04-Oct-2021 17:47:07.867',-1.063019,-3.936066,7.872131,-116.916091,16.5446,12.755281
'04-Oct-2021 17:47:07.876',-0.933731,-3.845093,7.96312,-117.863875,16.273173,12.476673
'04-Oct-2021 17:47:07.885',-0.89064,-3.739746,8.073242,-118.770064,16.014994,12.285284
'04-Oct-2021 17:47:07.894',-0.895432,-3.706223,8.16423,-119.672031,15.769775,12.171362
'04-Oct-2021 17:47:07.903',-0.976837,-3.653549,8.365341,-120.547033,15.528544,12.108222
'04-Oct-2021 17:47:07.912',-1.120483,-3.624817,8.51857,-121.433988,15.285137,12.059691
'04-Oct-2021 17:47:07.921',-1.307236,-3.596085,8.585602,-122.285986,15.036863,11.991594
'04-Oct-2021 17:47:07.930',-1.503555,-3.591309,8.623917,-123.136085,14.788126,11.886973
'04-Oct-2021 17:47:07.939',-1.623276,-3.586517,8.628708,-123.965516,14.547823,11.757086
'04-Oct-2021 17:47:07.948',-1.675934,-3.581726,8.576035,-124.787829,14.321909,11.624459
'04-Oct-2021 17:47:07.957',-1.637634,-3.538635,8.566452,-125.614829,14.115046,11.497469
'04-Oct-2021 17:47:07.966',-1.546661,-3.452438,8.686157,-126.43049,13.925229,11.362049
'04-Oct-2021 17:47:07.975',-1.42215,-3.399765,8.738831,-127.252435,13.748659,11.206372
'04-Oct-2021 17:47:07.984',-1.307236,-3.275269,8.83461,-128.051143,13.58307,11.035689
'04-Oct-2021 17:47:07.993',-1.177948,-3.193863,8.911224,-128.857119,13.421181,10.866688
'04-Oct-2021 17:47:08.002',-1.063019,-3.126831,9.002197,-129.626226,13.270662,10.723727
'04-Oct-2021 17:47:08.011',-1.02951,-3.055008,9.021347,-130.405974,13.131569,10.615563
'04-Oct-2021 17:47:08.020',-1.110916,-3.007111,9.112335,-131.14052,12.996136,10.537121
'04-Oct-2021 17:47:08.029',-1.216248,-2.959229,9.126694,-131.869247,12.858146,10.475517
'04-Oct-2021 17:47:08.038',-1.331177,-2.954453,9.059662,-132.58393,12.717563,10.419079
'04-Oct-2021 17:47:08.047',-1.379059,-2.916138,9.040512,-133.333735,12.576096,10.363169
'04-Oct-2021 17:47:08.056',-1.335968,-2.877823,9.03093,-134.049484,12.439357,10.308448
'04-Oct-2021 17:47:08.065',-1.259354,-2.853882,9.097961,-134.776708,12.313776,10.266851
'04-Oct-2021 17:47:08.074',-1.144424,-2.738968,9.160217,-135.474494,12.200315,10.255734
'04-Oct-2021 17:47:08.083',-1.101334,-2.743759,9.227249,-136.184164,12.10145,10.280408
'04-Oct-2021 17:47:08.092',-1.134857,-2.691086,9.294296,-136.841884,12.016433,10.331048
'04-Oct-2021 17:47:08.101',-1.20668,-2.657562,9.34697,-137.52157,11.940456,10.394286
'04-Oct-2021 17:47:08.110',-1.312027,-2.62883,9.437943,-138.139743,11.862936,10.453357
'04-Oct-2021 17:47:08.119',-1.417374,-2.619263,9.414001,-138.780387,11.773696,10.495941
'04-Oct-2021 17:47:08.128',-1.460464,-2.600098,9.394852,-139.370761,11.670508,10.513969
'04-Oct-2021 17:47:08.137',-1.498764,-2.604889,9.414001,-139.995778,11.552283,10.512208
'04-Oct-2021 17:47:08.146',-1.503555,-2.580948,9.399643,-140.577396,11.417928,10.49543
'04-Oct-2021 17:47:08.155',-1.460464,-2.571365,9.385269,-141.173043,11.273933,10.469157
'04-Oct-2021 17:47:08.164',-1.38385,-2.571365,9.385269,-141.742299,11.130849,10.451065
'04-Oct-2021 17:47:08.173',-1.335968,-2.561798,9.385269,-142.33852,10.996452,10.464194
'04-Oct-2021 17:47:08.182',-1.283295,-2.547424,9.457092,-142.876438,10.872821,10.517059
'04-Oct-2021 17:47:08.191',-1.240204,-2.485184,9.519348,-143.415709,10.758242,10.599491
'04-Oct-2021 17:47:08.200',-1.268921,-2.398987,9.557648,-143.912304,10.645854,10.688942
'04-Oct-2021 17:47:08.209',-1.335968,-2.370255,9.552872,-144.425921,10.527413,10.765781
'04-Oct-2021 17:47:08.218',-1.450882,-2.312805,9.576813,-144.89062,10.397189,10.826071
'04-Oct-2021 17:47:08.227',-1.489197,-2.308014,9.481033,-145.390139,10.252253,10.879072
'04-Oct-2021 17:47:08.236',-1.484406,-2.279282,9.394852,-145.851901,10.101208,10.930622
'04-Oct-2021 17:47:08.245',-1.508347,-2.217026,9.433151,-146.350176,9.949993,10.990081
'04-Oct-2021 17:47:08.253',-1.522705,-2.154785,9.495407,-146.801201,9.798621,11.061115
'04-Oct-2021 17:47:08.263',-1.608902,-2.159576,9.476257,-147.323752,9.646592,11.141204
'04-Oct-2021 17:47:08.272',-1.709457,-2.178726,9.514557,-147.7468,9.494822,11.2326
'04-Oct-2021 17:47:08.281',-1.781281,-2.197876,9.562439,-148.244516,9.343571,11.334985
'04-Oct-2021 17:47:08.290',-1.843536,-2.178726,9.519348,-148.642661,9.192178,11.43684
'04-Oct-2021 17:47:08.299',-1.915359,-2.121262,9.504974,-149.109286,9.042612,11.521533
'04-Oct-2021 17:47:08.308',-1.991974,-2.07338,9.562439,-149.488963,8.890967,11.577324
'04-Oct-2021 17:47:08.317',-2.063797,-2.044647,9.634262,-149.941285,8.73121,11.606509
'04-Oct-2021 17:47:08.326',-2.121262,-2.049438,9.624695,-150.316618,8.55486,11.611124
'04-Oct-2021 17:47:08.335',-2.154785,-2.059021,9.581589,-150.777491,8.361589,11.593752
'04-Oct-2021 17:47:08.344',-2.149994,-2.05423,9.54808,-151.160788,8.155219,11.56914
'04-Oct-2021 17:47:08.353',-2.039856,-1.991974,9.495407,-151.59501,7.943686,11.552534
'04-Oct-2021 17:47:08.362',-1.982407,-1.944092,9.490616,-151.980329,7.732642,11.544391
'04-Oct-2021 17:47:08.371',-1.977615,-1.810013,9.418793,-152.39503,7.521882,11.530437
'04-Oct-2021 17:47:08.380',-1.953674,-1.685516,9.394852,-152.751525,7.313152,11.486632
'04-Oct-2021 17:47:08.389',-1.972824,-1.651993,9.356537,-153.184245,7.107757,11.404654
'04-Oct-2021 17:47:08.398',-1.939301,-1.56102,9.289505,-153.511329,6.905045,11.291512
'04-Oct-2021 17:47:08.407',-1.886627,-1.532288,9.279922,-153.875447,6.710198,11.156997
'04-Oct-2021 17:47:08.416',-1.795654,-1.513138,9.265564,-154.195127,6.524063,10.997136
'04-Oct-2021 17:47:08.425',-1.728607,-1.42215,9.279922,-154.599693,6.34708,10.797567
'04-Oct-2021 17:47:08.434',-1.685516,-1.369476,9.34697,-154.923826,6.17711,10.552799
'04-Oct-2021 17:47:08.443',-1.656784,-1.350327,9.40921,-155.318188,6.007541,10.260197
'04-Oct-2021 17:47:08.452',-1.56102,-1.335968,9.370911,-155.644807,5.834604,9.927405
'04-Oct-2021 17:47:08.461',-1.407791,-1.283295,9.380478,-156.009129,5.656954,9.563205
'04-Oct-2021 17:47:08.470',-1.259354,-1.259354,9.423584,-156.303169,5.473703,9.172442
'04-Oct-2021 17:47:08.479',-1.201889,-1.22583,9.385269,-156.609599,5.284702,8.759848
'04-Oct-2021 17:47:08.488',-1.216248,-1.24498,9.342178,-156.828479,5.098064,8.332431
'04-Oct-2021 17:47:08.497',-1.221039,-1.297653,9.212891,-157.057755,4.919111,7.916575
'04-Oct-2021 17:47:08.506',-1.168365,-1.273712,9.184158,-157.235353,4.766384,7.540554
'04-Oct-2021 17:47:08.515',-1.168365,-1.211472,9.332596,-157.459015,4.645795,7.217931
'04-Oct-2021 17:47:08.524',-1.173157,-1.168365,9.275131,-157.648061,4.55343,6.939629
'04-Oct-2021 17:47:08.533',-1.163589,-1.144424,9.366119,-157.894029,4.478388,6.697023
'04-Oct-2021 17:47:08.542',-1.154007,-1.144424,9.437943,-158.11627,4.407828,6.477116
'04-Oct-2021 17:47:08.551',-1.096542,-1.115692,9.524139,-158.393043,4.326896,6.262197
'04-Oct-2021 17:47:08.560',-1.019928,-1.110916,9.528915,-158.622961,4.231822,6.035699
'04-Oct-2021 17:47:08.569',-0.986404,-1.120483,9.500198,-158.838276,4.130594,5.777236
'04-Oct-2021 17:47:08.578',-1.039078,-1.120483,9.461884,-159.073863,4.032255,5.485653
'04-Oct-2021 17:47:08.587',-1.106125,-1.043869,9.490616,-159.271897,3.941067,5.169152
'04-Oct-2021 17:47:08.596',-1.101334,-1.019928,9.490616,-159.425167,3.857132,4.835008
'04-Oct-2021 17:47:08.605',-1.058243,-1.000778,9.466675,-159.620442,3.779327,4.484374
'04-Oct-2021 17:47:08.614',-0.995987,-0.962463,9.524139,-159.759368,3.700963,4.126764
'04-Oct-2021 17:47:08.623',-0.948105,-0.938522,9.543289,-159.983357,3.619659,3.77999
'04-Oct-2021 17:47:08.632',-0.876282,-0.943314,9.538498,-160.12078,3.538099,3.462973
'04-Oct-2021 17:47:08.641',-0.780502,-0.986404,9.576813,-160.264119,3.455005,3.192599
'04-Oct-2021 17:47:08.650',-0.689529,-0.962463,9.552872,-160.513489,3.367675,2.975952
'04-Oct-2021 17:47:08.659',-0.598557,-0.948105,9.528915,-160.660188,3.277908,2.810184
'04-Oct-2021 17:47:08.668',-0.526718,-0.924164,9.519348,-160.850108,3.185419,2.690584
'04-Oct-2021 17:47:08.677',-0.478836,-0.89064,9.495407,-160.977546,3.091707,2.608115
'04-Oct-2021 17:47:08.686',-0.464478,-0.804459,9.466675,-161.167807,3.00327,2.54834
'04-Oct-2021 17:47:08.695',-0.416595,-0.746994,9.40921,-161.261531,2.927778,2.495966
'04-Oct-2021 17:47:08.704',-0.454895,-0.665588,9.461884,-161.383068,2.866531,2.440827
'04-Oct-2021 17:47:08.713',-0.502777,-0.723053,9.528915,-161.446274,2.818243,2.373749
'04-Oct-2021 17:47:08.722',-0.541092,-0.775726,9.538498,-161.525218,2.778192,2.28467
'04-Oct-2021 17:47:08.731',-0.550659,-0.766144,9.591171,-161.571991,2.74295,2.177226
'04-Oct-2021 17:47:08.740',-0.526718,-0.785294,9.610321,-161.659882,2.708636,2.065518
'04-Oct-2021 17:47:08.749',-0.498001,-0.833176,9.696518,-161.696628,2.671815,1.956117
'04-Oct-2021 17:47:08.758',-0.49321,-0.847549,9.753983,-161.774574,2.627557,1.857076
'04-Oct-2021 17:47:08.767',-0.550659,-0.885849,9.691727,-161.803398,2.576932,1.779085
'04-Oct-2021 17:47:08.776',-0.488419,-0.87149,9.619904,-161.878188,2.524471,1.725653
'04-Oct-2021 17:47:08.785',-0.430954,-0.833176,9.610321,-161.909265,2.479691,1.701858
'04-Oct-2021 17:47:08.794',-0.35434,-0.785294,9.629486,-161.973333,2.447297,1.707218
'04-Oct-2021 17:47:08.803',-0.330399,-0.694321,9.624695,-161.995736,2.429172,1.734441
'04-Oct-2021 17:47:08.812',-0.339981,-0.636856,9.634262,-162.052085,2.423803,1.776252
'04-Oct-2021 17:47:08.821',-0.392654,-0.641647,9.653427,-162.052877,2.426018,1.834781
'04-Oct-2021 17:47:08.830',-0.454895,-0.632065,9.701309,-162.077124,2.431573,1.913271
'04-Oct-2021 17:47:08.839',-0.55545,-0.679947,9.7444,-162.069638,2.442957,1.999815
'04-Oct-2021 17:47:08.848',-0.641647,-0.742203,9.768341,-162.104295,2.483828,2.113767
'04-Oct-2021 17:47:08.857',-0.73262,-0.814026,9.844955,-162.111535,2.527878,2.242385
'04-Oct-2021 17:47:08.866',-0.751785,-0.852341,9.88327,-162.167009,2.569155,2.373191
'04-Oct-2021 17:47:08.875',-0.718262,-0.852341,9.90242,-162.194877,2.608699,2.488558
'04-Oct-2021 17:47:08.884',-0.737411,-0.847549,9.945511,-162.274298,2.613306,2.564184
'04-Oct-2021 17:47:08.893',-0.756561,-0.852341,9.979034,-162.296633,2.614496,2.62439
'04-Oct-2021 17:47:08.902',-0.766144,-0.89064,9.983826,-162.375945,2.609276,2.673498
'04-Oct-2021 17:47:08.911',-0.761353,-0.943314,10.002975,-162.387174,2.594229,2.712869
'04-Oct-2021 17:47:08.920',-0.794876,-0.90979,9.979034,-162.457702,2.571321,2.744454
'04-Oct-2021 17:47:08.929',-0.833176,-0.89064,9.926361,-162.471745,2.544394,2.778544
'04-Oct-2021 17:47:08.938',-0.852341,-0.881073,9.907211,-162.565114,2.519837,2.822039
'04-Oct-2021 17:47:08.947',-0.89064,-0.866699,9.816223,-162.606368,2.500405,2.872722
'04-Oct-2021 17:47:08.956',-0.919373,-0.895432,9.7444,-162.753928,2.486884,2.925972
'04-Oct-2021 17:47:08.964',-0.900223,-0.866699,9.730042,-162.826478,2.479425,2.976429
'04-Oct-2021 17:47:08.974',-0.900223,-0.847549,9.7061,-162.974584,2.478174,3.020405
'04-Oct-2021 17:47:08.983',-0.842758,-0.852341,9.639053,-163.057789,2.480131,3.053828
'04-Oct-2021 17:47:08.992',-0.766144,-0.799667,9.639053,-163.204461,2.484935,3.072537
'04-Oct-2021 17:47:09.001',-0.703888,-0.785294,9.600754,-163.282584,2.490054,3.078762
'04-Oct-2021 17:47:09.010',-0.703888,-0.770935,9.562439,-163.419953,2.493984,3.076135
'04-Oct-2021 17:47:09.019',-0.679947,-0.775726,9.538498,-163.493159,2.503453,3.066555
'04-Oct-2021 17:47:09.028',-0.665588,-0.790085,9.533707,-163.650144,2.524087,3.055741
'04-Oct-2021 17:47:09.037',-0.73262,-0.785294,9.495407,-163.732448,2.556031,3.05525
'04-Oct-2021 17:47:09.046',-0.746994,-0.785294,9.461884,-163.905689,2.598882,3.074631
'04-Oct-2021 17:47:09.055',-0.766144,-0.809235,9.476257,-164.005191,2.652266,3.113309
'04-Oct-2021 17:47:09.064',-0.823608,-0.837967,9.490616,-164.175836,2.716144,3.163768
'04-Oct-2021 17:47:09.073',-0.914581,-0.866699,9.500198,-164.294354,2.787185,3.215074
'04-Oct-2021 17:47:09.082',-0.972046,-0.90979,9.56723,-164.481911,2.862381,3.25309
'04-Oct-2021 17:47:09.091',-0.972046,-0.895432,9.610321,-164.605892,2.936556,3.270686
'04-Oct-2021 17:47:09.100',-0.914581,-0.89064,9.643845,-164.775486,3.00535,3.268943
'04-Oct-2021 17:47:09.109',-0.905014,-0.90979,9.639053,-164.885739,3.072327,3.249088
'04-Oct-2021 17:47:09.118',-0.881073,-0.87149,9.720459,-165.045893,3.169985,3.241397
'04-Oct-2021 17:47:09.127',-0.866699,-0.823608,9.76355,-165.151966,3.264526,3.228833
'04-Oct-2021 17:47:09.136',-0.837967,-0.799667,9.816223,-165.308364,3.355308,3.222423
'04-Oct-2021 17:47:09.145',-0.766144,-0.751785,9.864105,-165.422715,3.43651,3.221256
'04-Oct-2021 17:47:09.154',-0.723053,-0.761353,9.854538,-165.599261,3.516268,3.229388
'04-Oct-2021 17:47:09.163',-0.708679,-0.761353,9.90242,-165.719268,3.592741,3.248503
'04-Oct-2021 17:47:09.172',-0.73262,-0.761353,9.935944,-165.903738,3.668056,3.276947
'04-Oct-2021 17:47:09.181',-0.718262,-0.775726,9.931152,-166.02119,3.744421,3.30061
'04-Oct-2021 17:47:09.190',-0.703888,-0.814026,9.969452,-166.187546,3.821836,3.311905
'04-Oct-2021 17:47:09.199',-0.660797,-0.885849,10.012558,-166.2859,3.882496,3.298503
'04-Oct-2021 17:47:09.208',-0.622498,-0.928955,10.07959,-166.373204,3.93611,3.271869
'04-Oct-2021 17:47:09.217',-0.574615,-0.986404,10.050858,-166.515764,3.981414,3.237146
'04-Oct-2021 17:47:09.226',-0.565033,-1.034302,10.09874,-166.586074,4.015678,3.210286
'04-Oct-2021 17:47:09.235',-0.574615,-1.019928,10.132263,-166.697966,4.035117,3.20737
'04-Oct-2021 17:47:09.244',-0.536301,-0.952896,10.022125,-166.762402,4.039637,3.232677
'04-Oct-2021 17:47:09.253',-0.545883,-0.919373,9.950302,-166.897831,4.036675,3.275284
'04-Oct-2021 17:47:09.262',-0.579391,-0.842758,9.945511,-166.956051,4.030927,3.320468
'04-Oct-2021 17:47:09.271',-0.560242,-0.8284,9.88327,-167.073599,4.023976,3.353413
'04-Oct-2021 17:47:09.280',-0.545883,-0.847549,9.840164,-167.122025,4.019533,3.367638
'04-Oct-2021 17:47:09.289',-0.526718,-0.905014,9.830597,-167.199056,4.017506,3.360079
'04-Oct-2021 17:47:09.298',-0.521942,-0.952896,9.797073,-167.225379,4.01655,3.336094
'04-Oct-2021 17:47:09.307',-0.483627,-0.972046,9.753983,-167.313721,4.016451,3.305614
'04-Oct-2021 17:47:09.316',-0.411804,-0.957687,9.753983,-167.324581,4.011715,3.278539
'04-Oct-2021 17:47:09.325',-0.344772,-0.938522,9.773132,-167.392268,3.999485,3.263987
'04-Oct-2021 17:47:09.334',-0.349548,-0.938522,9.773132,-167.391653,3.980118,3.271918
'04-Oct-2021 17:47:09.343',-0.440536,-0.957687,9.715668,-167.434397,3.978869,3.29957
'04-Oct-2021 17:47:09.352',-0.49321,-0.962463,9.662994,-167.433017,3.975645,3.355355
'04-Oct-2021 17:47:09.361',-0.536301,-0.948105,9.677368,-167.499912,3.975594,3.424812
'04-Oct-2021 17:47:09.370',-0.656006,-0.938522,9.677368,-167.500841,3.985032,3.496586
'04-Oct-2021 17:47:09.379',-0.770935,-0.948105,9.629486,-167.552299,4.007876,3.558177
'04-Oct-2021 17:47:09.388',-0.852341,-1.005569,9.691727,-167.543885,4.016789,3.584126
'04-Oct-2021 17:47:09.397',-0.861908,-1.019928,9.730042,-167.562613,4.026825,3.591685
'04-Oct-2021 17:47:09.406',-0.823608,-1.015137,9.730042,-167.54148,4.031177,3.586202
'04-Oct-2021 17:47:09.415',-0.809235,-1.02951,9.682144,-167.562162,4.029275,3.576492
'04-Oct-2021 17:47:09.424',-0.804459,-0.991196,9.624695,-167.530989,4.027686,3.569259
'04-Oct-2021 17:47:09.433',-0.833176,-0.924164,9.56723,-167.537792,4.031479,3.567644
'04-Oct-2021 17:47:09.442',-0.8284,-0.876282,9.576813,-167.512261,4.045662,3.56992
'04-Oct-2021 17:47:09.451',-0.837967,-0.87149,9.572021,-167.534896,4.072272,3.568512
'04-Oct-2021 17:47:09.460',-0.938522,-0.905014,9.662994,-167.520143,4.112171,3.558325
'04-Oct-2021 17:47:09.469',-0.986404,-0.972046,9.696518,-167.545169,4.160381,3.538698
'04-Oct-2021 17:47:09.478',-1.034302,-1.043869,9.739609,-167.541959,4.211028,3.505983
'04-Oct-2021 17:47:09.487',-1.04866,-1.134857,9.806656,-167.616913,4.258328,3.461503
'04-Oct-2021 17:47:09.496',-1.005569,-1.106125,9.825806,-167.623361,4.295582,3.40742
'04-Oct-2021 17:47:09.505',-0.924164,-1.053452,9.849747,-167.684477,4.324266,3.343212
'04-Oct-2021 17:47:09.514',-0.847549,-1.024719,9.868896,-167.691417,4.341743,3.269993
'04-Oct-2021 17:47:09.523',-0.790085,-0.952896,9.854538,-167.744091,4.349377,3.18515
'04-Oct-2021 17:47:09.532',-0.73262,-0.943314,9.844955,-167.7464,4.350033,3.094802
'04-Oct-2021 17:47:09.541',-0.665588,-0.895432,9.777924,-167.799211,4.347285,3.011391
'04-Oct-2021 17:47:09.550',-0.55545,-0.833176,9.76355,-167.803432,4.345756,2.938638
'04-Oct-2021 17:47:09.559',-0.478836,-0.823608,9.7444,-167.868073,4.344768,2.882011
'04-Oct-2021 17:47:09.568',-0.368713,-0.881073,9.595963,-167.870586,4.337902,2.847689
'04-Oct-2021 17:47:09.577',-0.392654,-0.924164,9.691727,-167.937386,4.306916,2.823505
'04-Oct-2021 17:47:09.586',-0.49321,-0.665588,9.7061,-167.950622,4.309316,2.807743
'04-Oct-2021 17:47:09.595',-0.598557,-0.627274,9.58638,-168.03085,4.340847,2.859773
'04-Oct-2021 17:47:09.604',-0.65123,-0.708679,9.806656,-168.033022,4.390185,2.918813
'04-Oct-2021 17:47:09.613',-0.656006,-0.881073,9.816223,-168.050712,4.426195,2.942741
'04-Oct-2021 17:47:09.622',-0.679947,-1.039078,9.844955,-168.036464,4.44151,2.935287
'04-Oct-2021 17:47:09.631',-0.612915,-1.130066,9.864105,-168.048239,4.444637,2.92284
'04-Oct-2021 17:46:16.547',0.143646,-8.408432,5.549759,-4.589573,57.898557,-0.542764
'04-Oct-2021 17:46:16.556',0.282516,-8.365341,5.511459,-4.595354,57.881673,-0.503699
'04-Oct-2021 17:46:16.565',0.234634,-8.418015,5.506668,-4.644416,57.854366,-0.452033
'04-Oct-2021 17:46:16.574',0.100555,-8.504211,5.449203,-4.731193,57.829504,-0.385985
'04-Oct-2021 17:46:16.583',0.119705,-8.53772,5.425262,-4.834671,57.810352,-0.301808
'04-Oct-2021 17:46:16.592',0.172379,-8.494629,5.434845,-4.941481,57.790408,-0.221609
'04-Oct-2021 17:46:16.601',0.167587,-8.432373,5.463562,-4.995515,57.758819,-0.187786
'04-Oct-2021 17:46:16.610',0.143646,-8.398865,5.439621,-5.040747,57.727646,-0.165011
'04-Oct-2021 17:46:16.619',0.191544,-8.384491,5.425262,-5.061493,57.695325,-0.149103
'04-Oct-2021 17:46:16.628',0.210693,-8.384491,5.310333,-5.068865,57.669869,-0.131255
'04-Oct-2021 17:46:16.637',0.296875,-8.394073,5.353439,-5.091305,57.64302,-0.116079
'04-Oct-2021 17:46:16.646',0.282516,-8.312668,5.243301,-5.119096,57.619285,-0.084213
'04-Oct-2021 17:46:16.655',0.268158,-8.216904,5.23851,-5.166652,57.593835,-0.036085
'04-Oct-2021 17:46:16.664',0.244202,-8.173798,5.128387,-5.208717,57.578966,0.0213
'04-Oct-2021 17:46:16.673',0.244202,-8.149857,5.066132,-5.257451,57.574929,0.069164
'04-Oct-2021 17:46:16.682',0.272934,-8.178589,5.075714,-5.330231,57.569807,0.15083
'04-Oct-2021 17:46:16.691',0.263367,-8.226471,5.056549,-5.37947,57.571576,0.227753
'04-Oct-2021 17:46:16.700',0.263367,-8.245636,5.008667,-5.416878,57.579178,0.28832
'04-Oct-2021 17:46:16.709',0.258575,-8.221695,4.984726,-5.432398,57.594382,0.316654
'04-Oct-2021 17:46:16.718',0.239426,-8.207321,4.941635,-5.447472,57.620193,0.314058
'04-Oct-2021 17:46:16.727',0.234634,-8.216904,4.994308,-5.470206,57.660409,0.291833
'04-Oct-2021 17:46:16.736',0.239426,-8.240845,5.056549,-5.467008,57.711383,0.261832
'04-Oct-2021 17:46:16.745',0.253784,-8.327026,5.171478,-5.430789,57.769016,0.230258
'04-Oct-2021 17:46:16.754',0.220261,-8.394073,5.209778,-5.407705,57.830174,0.208625
'04-Oct-2021 17:46:16.763',0.205902,-8.437164,5.267242,-5.370844,57.895026,0.20493
'04-Oct-2021 17:46:16.772',0.229843,-8.427597,5.329498,-5.340058,57.958888,0.222387
'04-Oct-2021 17:46:16.781',0.162811,-8.465897,5.329498,-5.324332,58.021979,0.259547
'04-Oct-2021 17:46:16.790',0.110138,-8.427597,5.343857,-5.306727,58.085629,0.319871
'04-Oct-2021 17:46:16.799',0.095764,-8.408432,5.391739,-5.282208,58.152265,0.397835
'04-Oct-2021 17:46:16.808',0.114929,-8.446747,5.406113,-5.285626,58.221523,0.481844
'04-Oct-2021 17:46:16.817',0.033524,-8.432373,5.39653,-5.298188,58.290282,0.575337
'04-Oct-2021 17:46:16.826',-0.004791,-8.408432,5.506668,-5.311687,58.360599,0.680008
'04-Oct-2021 17:46:16.835',-0.014359,-8.331818,5.59285,-5.297651,58.42789,0.774839
'04-Oct-2021 17:46:16.844',-0.038315,-8.279144,5.640732,-5.304307,58.488365,0.828163
'04-Oct-2021 17:46:16.853',-0.057465,-8.245636,5.808334,-5.317368,58.537699,0.857217
'04-Oct-2021 17:46:16.862',-0.023941,-8.245636,5.971146,-5.319998,58.568893,0.877401
'04-Oct-2021 17:46:16.871',-0.038315,-8.250412,5.966354,-5.30725,58.573544,0.872381
'04-Oct-2021 17:46:16.880',-0.062256,-8.269577,5.899307,-5.295694,58.559426,0.819554
'04-Oct-2021 17:46:16.888',-0.215485,-8.331818,5.875366,-5.234086,58.534298,0.702494
'04-Oct-2021 17:46:16.898',-0.435745,-8.389282,5.899307,-5.158821,58.498719,0.529242
'04-Oct-2021 17:46:16.907',-0.627274,-8.446747,6.014236,-5.050828,58.447172,0.339702
'04-Oct-2021 17:46:16.916',-0.550659,-8.513779,6.06691,-4.980228,58.373556,0.158671
'04-Oct-2021 17:46:16.925',-0.363922,-8.609543,6.100433,-4.950876,58.266691,-0.024981
'04-Oct-2021 17:46:16.934',-0.421387,-8.647858,6.009445,-4.951363,58.125798,-0.253352
'04-Oct-2021 17:46:16.943',-0.593765,-8.638275,6.028595,-5.010296,57.966552,-0.549434
'04-Oct-2021 17:46:16.952',-0.718262,-8.604767,5.899307,-5.104683,57.802935,-0.896747
'04-Oct-2021 17:46:16.961',-0.699112,-8.53772,5.861008,-5.215249,57.641783,-1.280231
'04-Oct-2021 17:46:16.970',-0.737411,-8.485046,5.995087,-5.349214,57.483494,-1.67643
'04-Oct-2021 17:46:16.979',-0.723053,-8.51857,5.966354,-5.479951,57.330299,-2.062828
'04-Oct-2021 17:46:16.988',-0.622498,-8.580826,5.937622,-5.612434,57.182023,-2.430917
'04-Oct-2021 17:46:16.997',-0.55545,-8.667007,6.124374,-5.730415,57.032746,-2.779519
'04-Oct-2021 17:46:17.006',-0.498001,-8.667007,6.181824,-5.882088,56.874094,-3.096445
'04-Oct-2021 17:46:17.015',-0.459686,-8.628708,6.263229,-6.055479,56.704586,-3.384537
'04-Oct-2021 17:46:17.024',-0.507568,-8.542511,6.253662,-6.261882,56.52684,-3.643167
'04-Oct-2021 17:46:17.033',-0.569824,-8.418015,6.167465,-6.504496,56.35043,-3.861603
'04-Oct-2021 17:46:17.042',-0.603333,-8.32225,6.090851,-6.786849,56.18446,-4.020127
'04-Oct-2021 17:46:17.051',-0.588974,-8.259995,6.028595,-7.115674,56.032123,-4.104916
'04-Oct-2021 17:46:17.060',-0.49321,-8.212112,6.071701,-7.460223,55.89697,-4.117079
'04-Oct-2021 17:46:17.069',-0.392654,-8.159439,6.167465,-7.819785,55.779174,-4.066066
'04-Oct-2021 17:46:17.078',-0.349548,-8.188171,6.382935,-8.186534,55.669102,-3.966854
'04-Oct-2021 17:46:17.087',-0.311249,-8.288727,6.655884,-8.551046,55.552582,-3.837368
'04-Oct-2021 17:46:17.096',-0.33519,-8.489838,6.909668,-8.930308,55.411948,-3.695632
'04-Oct-2021 17:46:17.105',-0.478836,-8.571243,6.943192,-9.320093,55.236573,-3.549313
'04-Oct-2021 17:46:17.114',-0.560242,-8.504211,6.885727,-9.739206,55.033655,-3.384865
'04-Oct-2021 17:46:17.123',-0.579391,-8.365341,6.785172,-10.175355,54.809922,-3.18973
'04-Oct-2021 17:46:17.132',-0.560242,-8.188171,6.665451,-10.636026,54.57107,-2.966411
'04-Oct-2021 17:46:17.141',-0.617706,-8.101974,6.588837,-11.097567,54.331136,-2.720884
'04-Oct-2021 17:46:17.150',-0.689529,-8.092407,6.584061,-11.575663,54.101167,-2.457869
'04-Oct-2021 17:46:17.159',-0.775726,-8.078033,6.694183,-12.074139,53.879493,-2.183402
'04-Oct-2021 17:46:17.168',-0.837967,-8.12114,6.900085,-12.585908,53.660609,-1.919562
'04-Oct-2021 17:46:17.177',-0.876282,-8.149857,7.067688,-13.110766,53.434329,-1.703014
'04-Oct-2021 17:46:17.186',-0.933731,-8.207321,7.249649,-13.655,53.192332,-1.558274
'04-Oct-2021 17:46:17.195',-0.972046,-8.293518,7.383713,-14.209065,52.927081,-1.474017
'04-Oct-2021 17:46:17.204',-1.005569,-8.432373,7.570465,-14.782474,52.63841,-1.410599
'04-Oct-2021 17:46:17.213',-0.943314,-8.571243,7.728485,-15.355297,52.325803,-1.326058
'04-Oct-2021 17:46:17.222',-0.900223,-8.652649,7.656662,-15.954583,51.988238,-1.212096
'04-Oct-2021 17:46:17.231',-0.938522,-8.547302,7.618347,-16.567124,51.628799,-1.088609
'04-Oct-2021 17:46:17.240',-1.010361,-8.331818,7.685394,-17.218121,51.251161,-0.976972
'04-Oct-2021 17:46:17.249',-1.058243,-8.034943,7.685394,-17.902788,50.861465,-0.889796
'04-Oct-2021 17:46:17.258',-1.106125,-7.838623,7.671021,-18.631603,50.462394,-0.822984
'04-Oct-2021 17:46:17.267',-1.106125,-7.766785,7.714111,-19.400416,50.054734,-0.749491
'04-Oct-2021 17:46:17.276',-1.091751,-7.838623,7.805099,-20.194095,49.634189,-0.646298
'04-Oct-2021 17:46:17.285',-1.096542,-7.982269,7.920013,-21.018131,49.197566,-0.511359
'04-Oct-2021 17:46:17.294',-1.110916,-8.097183,8.00621,-21.861856,48.742006,-0.375077
'04-Oct-2021 17:46:17.303',-1.22583,-8.173798,8.001419,-22.731512,48.261379,-0.273469
'04-Oct-2021 17:46:17.312',-1.431732,-8.145081,7.953537,-23.623905,47.752868,-0.213949
'04-Oct-2021 17:46:17.321',-1.522705,-7.987061,7.838623,-24.549809,47.219017,-0.17781
'04-Oct-2021 17:46:17.330',-1.470047,-7.86734,7.709335,-25.501553,46.670027,-0.141831
'04-Oct-2021 17:46:17.339',-1.527496,-7.824249,7.651871,-26.480512,46.117167,-0.09045
'04-Oct-2021 17:46:17.348',-1.714249,-7.723694,7.594406,-27.488622,45.554838,-0.019126
'04-Oct-2021 17:46:17.357',-1.73819,-7.680603,7.704544,-28.539942,44.979596,0.055678
'04-Oct-2021 17:46:17.366',-1.656784,-7.656662,7.814667,-29.629948,44.386824,0.110878
'04-Oct-2021 17:46:17.375',-1.599319,-7.699753,7.84819,-30.744409,43.777835,0.124539
'04-Oct-2021 17:46:17.384',-1.608902,-7.766785,7.824249,-31.887189,43.152773,0.117005
'04-Oct-2021 17:46:17.393',-1.690308,-7.714111,7.618347,-33.039329,42.516234,0.11439
'04-Oct-2021 17:46:17.402',-1.757339,-7.666229,7.623138,-34.210925,41.873062,0.108454
'04-Oct-2021 17:46:17.411',-1.862686,-7.589615,7.46991,-35.407117,41.223556,0.107727
'04-Oct-2021 17:46:17.420',-1.987183,-7.594406,7.412445,-36.631817,40.579342,0.105247
'04-Oct-2021 17:46:17.429',-2.121262,-7.666229,7.45076,-37.894398,39.936833,0.077194
'04-Oct-2021 17:46:17.438',-2.217026,-7.709335,7.522583,-39.21854,39.284386,0.003125
'04-Oct-2021 17:46:17.447',-2.164352,-7.709335,7.479492,-40.569217,38.616882,-0.113903
'04-Oct-2021 17:46:17.456',-2.035065,-7.723694,7.46991,-41.958576,37.936366,-0.241322
'04-Oct-2021 17:46:17.465',-1.814804,-7.709335,7.402878,-43.358601,37.249922,-0.352154
'04-Oct-2021 17:46:17.474',-1.632843,-7.642288,7.340622,-44.764742,36.571661,-0.427664
'04-Oct-2021 17:46:17.483',-1.493988,-7.618347,7.321472,-46.150475,35.902285,-0.450577
'04-Oct-2021 17:46:17.492',-1.431732,-7.536942,7.302322,-47.533783,35.237325,-0.416774
'04-Oct-2021 17:46:17.501',-1.470047,-7.431595,7.268799,-48.889271,34.583966,-0.334807
'04-Oct-2021 17:46:17.510',-1.628052,-7.29274,7.254425,-50.261583,33.938868,-0.198593
'04-Oct-2021 17:46:17.519',-1.757339,-7.13472,7.216125,-51.631234,33.299966,-0.00818
'04-Oct-2021 17:46:17.528',-1.814804,-7.010223,7.331039,-53.02839,32.665038,0.221588
'04-Oct-2021 17:46:17.537',-1.862686,-6.952759,7.436386,-54.432793,32.033246,0.474477
'04-Oct-2021 17:46:17.546',-1.920151,-7.024582,7.565674,-55.868086,31.403591,0.742145
'04-Oct-2021 17:46:17.555',-1.963242,-7.129929,7.60878,-57.303382,30.77313,1.015028
'04-Oct-2021 17:46:17.564',-1.920151,-7.182602,7.613556,-58.750248,30.141512,1.27511
'04-Oct-2021 17:46:17.573',-1.89621,-7.144302,7.560883,-60.191452,29.51195,1.523676
'04-Oct-2021 17:46:17.582',-1.838745,-6.95755,7.536942,-61.621844,28.886192,1.772924
'04-Oct-2021 17:46:17.591',-1.766922,-6.713348,7.513,-63.041362,28.264487,2.026863
'04-Oct-2021 17:46:17.599',-1.771713,-6.507446,7.503433,-64.460757,27.654652,2.283331
'04-Oct-2021 17:46:17.609',-1.838745,-6.344635,7.575256,-65.8593,27.062369,2.539506
'04-Oct-2021 17:46:17.618',-1.95845,-6.234497,7.752426,-67.275007,26.4849,2.793532
'04-Oct-2021 17:46:17.627',-2.001556,-6.248871,7.929596,-68.704579,25.913849,3.044753
'04-Oct-2021 17:46:17.636',-2.011124,-6.330276,8.068466,-70.174409,25.341373,3.296998
'04-Oct-2021 17:46:17.645',-1.987183,-6.397308,8.288727,-71.659599,24.763382,3.546022
'04-Oct-2021 17:46:17.654',-1.901001,-6.406891,8.446747,-73.165348,24.171718,3.785664
'04-Oct-2021 17:46:17.663',-1.819595,-6.382935,8.504211,-74.666119,23.564953,4.023004
'04-Oct-2021 17:46:17.672',-1.728607,-6.253662,8.418015,-76.182694,22.945358,4.268218
'04-Oct-2021 17:46:17.681',-1.642426,-6.062119,8.374924,-77.650481,22.31631,4.522319
'04-Oct-2021 17:46:17.690',-1.565811,-5.837067,8.192963,-79.100571,21.682929,4.78066
'04-Oct-2021 17:46:17.699',-1.589752,-5.59285,8.030151,-80.520554,21.058066,5.038334
'04-Oct-2021 17:46:17.708',-1.618484,-5.468353,7.967911,-81.93889,20.454926,5.291351
'04-Oct-2021 17:46:17.717',-1.599319,-5.367798,7.967911,-83.352985,19.879716,5.537998
'04-Oct-2021 17:46:17.726',-1.498764,-5.310333,8.092407,-84.785904,19.321178,5.771146
'04-Oct-2021 17:46:17.735',-1.479614,-5.25766,8.216904,-86.217191,18.757378,5.992417
'04-Oct-2021 17:46:17.744',-1.470047,-5.181046,8.255203,-87.663326,18.182507,6.203879
'04-Oct-2021 17:46:17.753',-1.441315,-5.104431,8.250412,-89.105514,17.593912,6.406268
'04-Oct-2021 17:46:17.762',-1.388641,-5.01825,8.279144,-90.555051,16.999574,6.603339
'04-Oct-2021 17:46:17.771',-1.403,-4.960785,8.32225,-91.966366,16.41329,6.808012
'04-Oct-2021 17:46:17.780',-1.479614,-4.927261,8.36055,-93.381554,15.84483,7.041847
'04-Oct-2021 17:46:17.789',-1.570602,-4.855438,8.413223,-94.768028,15.293256,7.32749
'04-Oct-2021 17:46:17.798',-1.656784,-4.754883,8.504211,-96.176932,14.755374,7.676436
'04-Oct-2021 17:46:17.807',-1.69989,-4.620804,8.394073,-97.573842,14.227995,8.082212
'04-Oct-2021 17:46:17.816',-1.73819,-4.520248,8.279144,-98.995252,13.713939,8.512447
'04-Oct-2021 17:46:17.825',-1.776505,-4.390961,8.350983,-100.403856,13.200139,8.919815
'04-Oct-2021 17:46:17.834',-1.814804,-4.232956,8.317459,-101.822213,12.680223,9.250661
'04-Oct-2021 17:46:17.843',-1.757339,-4.146759,8.12114,-103.220722,12.167484,9.450809
'04-Oct-2021 17:46:17.852',-1.647217,-4.060562,8.135498,-104.620241,11.671429,9.490268
'04-Oct-2021 17:46:17.861',-1.503555,-3.998322,8.212112,-106.000595,11.195229,9.386866
'04-Oct-2021 17:46:17.870',-1.345535,-3.964798,8.169022,-107.40176,10.745922,9.1905
'04-Oct-2021 17:46:17.879',-1.177948,-3.869034,8.231262,-108.75491,10.322415,8.946318
'04-Oct-2021 17:46:17.888',-1.024719,-3.787628,8.226471,-110.109801,9.920267,8.681637
'04-Oct-2021 17:46:17.897',-0.900223,-3.667923,8.259995,-111.441175,9.53357,8.412635
'04-Oct-2021 17:46:17.906',-0.818817,-3.576935,8.298309,-112.774012,9.156087,8.157097
'04-Oct-2021 17:46:17.915',-0.746994,-3.50032,8.327026,-114.074937,8.788402,7.928653
'04-Oct-2021 17:46:17.924',-0.746994,-3.452438,8.32225,-115.357046,8.430634,7.738676
'04-Oct-2021 17:46:17.933',-0.742203,-3.385406,8.264786,-116.637802,8.086215,7.584572
'04-Oct-2021 17:46:17.942',-0.746994,-3.361465,8.264786,-117.91323,7.765146,7.452691
'04-Oct-2021 17:46:17.951',-0.718262,-3.3423,8.269577,-119.150656,7.466653,7.316341
'04-Oct-2021 17:46:17.960',-0.694321,-3.337524,8.269577,-120.367563,7.187834,7.149862
'04-Oct-2021 17:46:17.969',-0.665588,-3.337524,8.3797,-121.589061,6.934263,6.944765
'04-Oct-2021 17:46:17.978',-0.617706,-3.294418,8.552094,-122.799138,6.702699,6.710501
'04-Oct-2021 17:46:17.987',-0.521942,-3.217804,8.542511,-123.958398,6.477584,6.463677
'04-Oct-2021 17:46:17.996',-0.402222,-3.088516,8.532928,-125.122399,6.250591,6.219694
'04-Oct-2021 17:46:18.005',-0.258575,-2.916138,8.475479,-126.21176,6.025288,5.986913
'04-Oct-2021 17:46:18.014',-0.143646,-2.777267,8.3414,-127.261246,5.809499,5.764478
'04-Oct-2021 17:46:18.023',-0.076614,-2.59053,8.279144,-128.28882,5.612036,5.544365
'04-Oct-2021 17:46:18.032',-0.038315,-2.427719,8.312668,-129.266876,5.438106,5.31919
'04-Oct-2021 17:46:18.041',-0.009583,-2.317581,8.365341,-130.228212,5.289919,5.087413
'04-Oct-2021 17:46:18.050',-0.023941,-2.279282,8.480255,-131.156421,5.165446,4.853239
'04-Oct-2021 17:46:18.059',-0.062256,-2.298431,8.571243,-132.113453,5.056428,4.629003
'04-Oct-2021 17:46:18.068',-0.081406,-2.269699,8.580826,-133.014082,4.960277,4.430798
'04-Oct-2021 17:46:18.077',-0.076614,-2.2314,8.638275,-133.942796,4.881629,4.274616
'04-Oct-2021 17:46:18.086',-0.057465,-2.140411,8.71489,-134.820585,4.817168,4.170472
'04-Oct-2021 17:46:18.095',0,-2.121262,8.781937,-135.718768,4.76145,4.115338
'04-Oct-2021 17:46:18.104',-0.009583,-2.078171,8.87291,-136.554306,4.711137,4.102776
'04-Oct-2021 17:46:18.113',-0.023941,-2.059021,8.925583,-137.39808,4.671551,4.122048
'04-Oct-2021 17:46:18.122',-0.081406,-2.035065,8.954315,-138.185778,4.646514,4.167553
'04-Oct-2021 17:46:18.131',-0.220261,-2.030289,9.002197,-138.979856,4.638822,4.242242
'04-Oct-2021 17:46:18.140',-0.387863,-2.006348,8.987839,-139.728294,4.646525,4.350547
'04-Oct-2021 17:46:18.149',-0.550659,-1.982407,8.944733,-140.505379,4.666812,4.491102
'04-Oct-2021 17:46:18.158',-0.699112,-1.905777,8.954315,-141.25017,4.697178,4.653668
'04-Oct-2021 17:46:18.167',-0.73262,-1.824387,8.944733,-142.053632,4.731968,4.819251
'04-Oct-2021 17:46:18.176',-0.699112,-1.757339,9.006989,-142.817835,4.765355,4.962571
'04-Oct-2021 17:46:18.185',-0.65123,-1.71904,9.141068,-143.644315,4.796927,5.061825
'04-Oct-2021 17:46:18.194',-0.675171,-1.776505,9.308655,-144.400144,4.823982,5.10071
'04-Oct-2021 17:46:18.203',-0.708679,-1.829163,9.414001,-145.176641,4.84435,5.070879
'04-Oct-2021 17:46:18.212',-0.814026,-1.924942,9.514557,-145.885669,4.853348,4.977754
'04-Oct-2021 17:46:18.221',-0.87149,-1.881836,9.58638,-146.608699,4.847786,4.84143
'04-Oct-2021 17:46:18.230',-0.914581,-1.853119,9.524139,-147.271187,4.831555,4.684733
'04-Oct-2021 17:46:18.239',-0.89064,-1.795654,9.504974,-147.96803,4.810125,4.527175
'04-Oct-2021 17:46:18.248',-0.818817,-1.766922,9.54808,-148.617389,4.784667,4.382678
'04-Oct-2021 17:46:18.257',-0.67038,-1.73819,9.476257,-149.317525,4.75317,4.255489
'04-Oct-2021 17:46:18.266',-0.464478,-1.714249,9.519348,-149.971679,4.71969,4.140257
'04-Oct-2021 17:46:18.275',-0.277725,-1.704666,9.504974,-150.658837,4.68494,4.02136
'04-Oct-2021 17:46:18.284',-0.090973,-1.71904,9.500198,-151.280002,4.647676,3.882017
'04-Oct-2021 17:46:18.293',0.062256,-1.69989,9.42836,-151.927518,4.604026,3.714313
'04-Oct-2021 17:46:18.302',0.186752,-1.632843,9.404419,-152.483591,4.56027,3.520436
'04-Oct-2021 17:46:18.311',0.301666,-1.594543,9.399643,-153.049977,4.520149,3.314936
'04-Oct-2021 17:46:18.320',0.383072,-1.584961,9.399643,-153.536505,4.480096,3.119275
'04-Oct-2021 17:46:18.329',0.454895,-1.599319,9.466675,-154.035546,4.442493,2.962912
'04-Oct-2021 17:46:18.338',0.450104,-1.589752,9.600754,-154.463307,4.411639,2.875266
'04-Oct-2021 17:46:18.347',0.430954,-1.618484,9.677368,-154.902202,4.381276,2.881024
'04-Oct-2021 17:46:18.356',0.325607,-1.613693,9.696518,-155.283695,4.34526,2.994168
'04-Oct-2021 17:46:18.365',0.167587,-1.599319,9.715668,-155.685215,4.302457,3.215558
'04-Oct-2021 17:46:18.374',-0.009583,-1.479614,9.653427,-156.024757,4.255621,3.523509
'04-Oct-2021 17:46:18.383',-0.19632,-1.3647,9.629486,-156.386019,4.206859,3.879645
'04-Oct-2021 17:46:18.392',-0.33519,-1.297653,9.58638,-156.676767,4.156713,4.237918
'04-Oct-2021 17:46:18.401',-0.421387,-1.230621,9.500198,-156.99892,4.102377,4.557054
'04-Oct-2021 17:46:18.410',-0.521942,-1.197098,9.500198,-157.251049,4.044718,4.808157
'04-Oct-2021 17:46:18.419',-0.617706,-1.134857,9.466675,-157.545239,3.982823,4.980016
'04-Oct-2021 17:46:18.428',-0.723053,-1.125275,9.481033,-157.774173,3.918293,5.082621
'04-Oct-2021 17:46:18.437',-0.818817,-1.125275,9.500198,-158.037996,3.854143,5.138009
'04-Oct-2021 17:46:18.446',-0.919373,-1.096542,9.557648,-158.251057,3.788582,5.170549
'04-Oct-2021 17:46:18.455',-1.02951,-1.077393,9.629486,-158.514224,3.723354,5.195625
'04-Oct-2021 17:46:18.464',-1.058243,-1.034302,9.643845,-158.721971,3.66317,5.216478
'04-Oct-2021 17:46:18.473',-1.000778,-1.000778,9.643845,-158.974634,3.610041,5.223194
'04-Oct-2021 17:46:18.482',-0.895432,-0.962463,9.60553,-159.172163,3.561152,5.199274
'04-Oct-2021 17:46:18.491',-0.770935,-0.89064,9.624695,-159.37853,3.513851,5.131237
'04-Oct-2021 17:46:18.500',-0.71347,-0.900223,9.672577,-159.548561,3.46501,5.02214
'04-Oct-2021 17:46:18.509',-0.708679,-0.962463,9.682144,-159.758507,3.417102,4.894044
'04-Oct-2021 17:46:18.518',-0.71347,-0.991196,9.691727,-159.910247,3.371795,4.773335
'04-Oct-2021 17:46:18.527',-0.67038,-0.986404,9.734818,-160.097189,3.32718,4.684477
'04-Oct-2021 17:46:18.536',-0.588974,-0.957687,9.730042,-160.245049,3.283567,4.637914
'04-Oct-2021 17:46:18.545',-0.536301,-0.895432,9.734818,-160.423139,3.236147,4.63402
'04-Oct-2021 17:46:18.554',-0.51236,-0.87149,9.648636,-160.554047,3.186346,4.665214
'04-Oct-2021 17:46:18.563',-0.617706,-0.89064,9.60553,-160.71834,3.139197,4.720944
'04-Oct-2021 17:46:18.572',-0.708679,-0.943314,9.58638,-160.827869,3.098584,4.790352
'04-Oct-2021 17:46:18.581',-0.785294,-0.952896,9.533707,-160.928013,3.064022,4.862275
'04-Oct-2021 17:46:18.590',-0.852341,-0.933731,9.54808,-161.072963,3.03951,4.929849
'04-Oct-2021 17:46:18.599',-0.861908,-0.919373,9.572021,-161.197054,3.027203,4.987469
'04-Oct-2021 17:46:18.608',-0.905014,-0.962463,9.662994,-161.282104,3.020055,5.033467
'04-Oct-2021 17:46:18.617',-0.948105,-0.991196,9.691727,-161.419582,3.010283,5.070416
'04-Oct-2021 17:46:18.626',-0.972046,-1.043869,9.753983,-161.49735,3.042805,5.112177
'04-Oct-2021 17:46:18.635',-1.000778,-1.115692,9.758759,-161.680891,3.08289,5.153902
'04-Oct-2021 17:46:18.644',-1.058243,-1.139633,9.797073,-161.738401,3.121987,5.195546
'04-Oct-2021 17:46:18.653',-1.110916,-1.173157,9.797073,-161.785216,3.105681,5.213062
'04-Oct-2021 17:46:18.662',-1.168365,-1.177948,9.830597,-161.908063,3.084717,5.219068
'04-Oct-2021 17:46:18.671',-1.182739,-1.177948,9.801865,-161.950766,3.062008,5.215692
'04-Oct-2021 17:46:18.680',-1.134857,-1.163589,9.816223,-162.082493,3.037484,5.207181
'04-Oct-2021 17:46:18.689',-1.077393,-1.106125,9.792282,-162.125878,3.0138,5.196343
'04-Oct-2021 17:46:18.698',-0.995987,-1.082184,9.773132,-162.264203,2.994743,5.183978
'04-Oct-2021 17:46:18.707',-0.943314,-1.04866,9.782715,-162.285213,2.976578,5.167399
'04-Oct-2021 17:46:18.716',-0.852341,-1.019928,9.773132,-162.38313,2.956725,5.143664
'04-Oct-2021 17:46:18.725',-0.799667,-0.976837,9.758759,-162.376191,2.939241,5.112307
'04-Oct-2021 17:46:18.734',-0.766144,-0.948105,9.720459,-162.467114,2.922018,5.07528
'04-Oct-2021 17:46:18.743',-0.723053,-0.933731,9.730042,-162.442676,2.905549,5.038546
'04-Oct-2021 17:46:18.752',-0.708679,-0.919373,9.7444,-162.51927,2.887434,5.010782
'04-Oct-2021 17:46:18.761',-0.708679,-0.90979,9.753983,-162.487987,2.871869,4.999751
'04-Oct-2021 17:46:18.770',-0.689529,-0.876282,9.739609,-162.517357,2.861888,5.009034
'04-Oct-2021 17:46:18.779',-0.746994,-0.837967,9.739609,-162.477428,2.856663,5.038371
'04-Oct-2021 17:46:18.788',-0.799667,-0.833176,9.7061,-162.492263,2.857804,5.082777
'04-Oct-2021 17:46:18.797',-0.837967,-0.847549,9.739609,-162.438004,2.863709,5.137126
'04-Oct-2021 17:46:18.806',-0.852341,-0.861908,9.749191,-162.442307,2.899522,5.191965
'04-Oct-2021 17:46:18.815',-0.885849,-0.842758,9.730042,-162.375658,2.934116,5.2478
'04-Oct-2021 17:46:18.824',-0.952896,-0.861908,9.787491,-162.362011,2.97247,5.302493
'04-Oct-2021 17:46:18.833',-1.000778,-0.885849,9.849747,-162.289844,3.008018,5.353196
'04-Oct-2021 17:46:18.842',-1.005569,-0.895432,9.912003,-162.275773,3.036674,5.39496
'04-Oct-2021 17:46:18.851',-1.024719,-0.895432,9.907211,-162.1981,3.026817,5.423488
'04-Oct-2021 17:46:18.860',-1.053452,-0.895432,9.854538,-162.208605,3.015334,5.441723
'04-Oct-2021 17:46:18.869',-1.039078,-0.876282,9.806656,-162.123064,3.005219,5.446988
'04-Oct-2021 17:46:18.878',-1.072601,-0.794876,9.816223,-162.100333,3.019388,5.44846
'04-Oct-2021 17:46:18.887',-1.120483,-0.809235,9.758759,-162.00665,3.035735,5.441438
'04-Oct-2021 17:46:18.896',-1.211472,-0.857117,9.76355,-161.991597,3.060487,5.439078
'04-Oct-2021 17:46:18.905',-1.288086,-0.90979,9.811432,-161.906451,3.094363,5.452857
'04-Oct-2021 17:46:18.914',-1.331177,-0.967255,9.753983,-161.915631,3.132711,5.490875
'04-Oct-2021 17:46:18.923',-1.312027,-0.972046,9.749191,-161.850184,3.136379,5.517124
'04-Oct-2021 17:46:18.932',-1.249771,-0.976837,9.768341,-161.867137,3.140192,5.552458
'04-Oct-2021 17:46:18.941',-1.173157,-0.943314,9.715668,-161.810979,3.142009,5.580112
'04-Oct-2021 17:46:18.950',-1.115692,-0.881073,9.739609,-161.803958,3.147729,5.582974
'04-Oct-2021 17:46:18.959',-1.115692,-0.814026,9.758759,-161.738019,3.154297,5.553915
'04-Oct-2021 17:46:18.968',-1.120483,-0.814026,9.773132,-161.719441,3.161334,5.492844
'04-Oct-2021 17:46:18.977',-1.149216,-0.8284,9.72525,-161.650306,3.194398,5.43214
'04-Oct-2021 17:46:18.986',-1.139633,-0.833176,9.701309,-161.64756,3.231174,5.36869
'04-Oct-2021 17:46:18.995',-1.101334,-0.823608,9.691727,-161.589012,3.269121,5.314541
'04-Oct-2021 17:46:19.004',-1.110916,-0.809235,9.667786,-161.570802,3.308679,5.285657
'04-Oct-2021 17:46:19.013',-1.096542,-0.837967,9.677368,-161.517923,3.352489,5.280126
'04-Oct-2021 17:46:19.022',-1.115692,-0.837967,9.653427,-161.527349,3.397959,5.29513
'04-Oct-2021 17:46:19.031',-1.130066,-0.833176,9.667786,-161.48104,3.442603,5.31909
'04-Oct-2021 17:46:19.040',-1.120483,-0.818817,9.634262,-161.488799,3.488043,5.334681
'04-Oct-2021 17:46:19.049',-1.086975,-0.794876,9.624695,-161.452394,3.532515,5.330224
'04-Oct-2021 17:46:19.058',-1.072601,-0.814026,9.600754,-161.470426,3.579999,5.307515
'04-Oct-2021 17:46:19.067',-1.02951,-0.823608,9.56723,-161.431343,3.63136,5.265739
'04-Oct-2021 17:46:19.076',-1.019928,-0.818817,9.610321,-161.459935,3.684701,5.215698
'04-Oct-2021 17:46:19.085',-1.019928,-0.799667,9.639053,-161.416044,3.736413,5.162248
'04-Oct-2021 17:46:19.094',-0.981628,-0.814026,9.658203,-161.421972,3.787707,5.10637
'04-Oct-2021 17:46:19.103',-0.962463,-0.818817,9.753983,-161.383956,3.836748,5.047636
'04-Oct-2021 17:46:19.112',-0.952896,-0.809235,9.811432,-161.431917,3.876962,4.986115
'04-Oct-2021 17:46:19.121',-0.933731,-0.833176,9.787491,-161.400334,3.91496,4.917238
'04-Oct-2021 17:46:19.130',-0.948105,-0.842758,9.825806,-161.397507,3.948945,4.843341
'04-Oct-2021 17:46:19.139',-0.928955,-0.852341,9.821014,-161.362632,3.978966,4.766959
'04-Oct-2021 17:46:19.148',-0.900223,-0.857117,9.840164,-161.395007,4.005691,4.694381
'04-Oct-2021 17:46:19.157',-0.87149,-0.861908,9.849747,-161.353329,4.028224,4.631689
'04-Oct-2021 17:46:19.166',-0.818817,-0.866699,9.801865,-161.358739,4.04636,4.580475
'04-Oct-2021 17:46:19.175',-0.804459,-0.847549,9.792282,-161.309684,4.061188,4.540949
'04-Oct-2021 17:46:19.184',-0.794876,-0.818817,9.773132,-161.321104,4.072257,4.513412
'04-Oct-2021 17:46:19.193',-0.8284,-0.847549,9.787491,-161.266695,4.087362,4.496163
'04-Oct-2021 17:46:19.202',-0.876282,-0.885849,9.816223,-161.258922,4.102611,4.489307
'04-Oct-2021 17:46:19.211',-0.914581,-0.924164,9.825806,-161.21036,4.121231,4.495607
'04-Oct-2021 17:46:19.220',-0.938522,-0.933731,9.844955,-161.225345,4.143243,4.512844
'04-Oct-2021 17:46:19.229',-0.938522,-0.991196,9.830597,-161.182342,4.169883,4.535276
'04-Oct-2021 17:46:19.238',-0.957687,-1.000778,9.792282,-161.178476,4.198529,4.557918
'04-Oct-2021 17:46:19.247',-0.962463,-0.967255,9.701309,-161.132782,4.227552,4.575255
'04-Oct-2021 17:46:19.256',-0.928955,-0.943314,9.686935,-161.141566,4.257012,4.581354
'04-Oct-2021 17:46:19.265',-0.924164,-0.957687,9.662994,-161.094315,4.289294,4.577904
'04-Oct-2021 17:46:19.274',-0.928955,-0.933731,9.672577,-161.059959,4.319454,4.568471
'04-Oct-2021 17:46:19.283',-0.957687,-0.933731,9.686935,-161.01839,4.352792,4.55837
'04-Oct-2021 17:46:19.292',-0.972046,-0.919373,9.639053,-161.030917,4.389121,4.551447
'04-Oct-2021 17:46:19.301',-0.957687,-0.943314,9.648636,-161.000987,4.430313,4.544968
'04-Oct-2021 17:46:19.310',-0.90979,-0.943314,9.600754,-161.039086,4.4755,4.534761
'04-Oct-2021 17:46:19.319',-0.876282,-0.967255,9.60553,-161.012626,4.524395,4.518102
'04-Oct-2021 17:46:19.328',-0.847549,-0.938522,9.600754,-160.984786,4.571327,4.49531
'04-Oct-2021 17:46:19.337',-0.833176,-0.914581,9.595963,-161.014893,4.618303,4.469913
'04-Oct-2021 17:46:19.346',-0.857117,-0.905014,9.629486,-160.985633,4.668045,4.451119
'04-Oct-2021 17:46:19.355',-0.90979,-0.885849,9.615112,-160.998829,4.718801,4.446971
'04-Oct-2021 17:46:19.364',-0.905014,-0.881073,9.581589,-160.979704,4.77162,4.452057
'04-Oct-2021 17:46:19.373',-0.90979,-0.914581,9.615112,-160.992408,4.832302,4.466344
'04-Oct-2021 17:46:19.382',-0.914581,-0.943314,9.600754,-160.984895,4.900715,4.488213
'04-Oct-2021 17:46:19.391',-0.924164,-0.948105,9.691727,-161.00973,4.971711,4.513956
'04-Oct-2021 17:46:19.400',-0.972046,-1.010361,9.768341,-161.00447,5.046288,4.544205
'04-Oct-2021 17:46:19.409',-0.991196,-1.086975,9.730042,-161.03231,5.120199,4.575548
'04-Oct-2021 17:46:19.418',-0.948105,-1.139633,9.806656,-161.030398,5.192622,4.595942
'04-Oct-2021 17:46:19.427',-0.905014,-1.120483,9.849747,-161.091965,5.262415,4.598275
'04-Oct-2021 17:46:19.436',-0.842758,-1.120483,9.888046,-161.086883,5.328903,4.573818
'04-Oct-2021 17:46:19.445',-0.833176,-1.091751,9.931152,-161.097388,5.384967,4.523493
'04-Oct-2021 17:46:19.454',-0.866699,-1.101334,9.974243,-161.084602,5.43724,4.454184
'04-Oct-2021 17:46:19.463',-0.876282,-1.149216,9.955093,-161.126676,5.486108,4.374594
'04-Oct-2021 17:46:19.472',-0.818817,-1.158798,9.993393,-161.119914,5.529597,4.287312
'04-Oct-2021 17:46:19.481',-0.770935,-1.182739,10.017334,-161.144202,5.572428,4.205984
'04-Oct-2021 17:46:19.490',-0.746994,-1.221039,9.988617,-161.142058,5.613395,4.14174
'04-Oct-2021 17:46:19.499',-0.73262,-1.235413,9.969452,-161.171632,5.623383,4.100632
'04-Oct-2021 17:46:19.508',-0.689529,-1.134857,9.840164,-161.167234,5.622844,4.087516
'04-Oct-2021 17:46:19.517',-0.55545,-1.168365,9.332596,-161.184979,5.571888,4.133204
'04-Oct-2021 17:46:19.526',-0.675171,-0.727844,10.23761,-161.202997,5.546552,4.273082
'04-Oct-2021 17:46:19.535',-0.842758,-0.876282,9.423584,-161.233309,5.583526,4.415695
'04-Oct-2021 17:46:19.544',-0.952896,-1.091751,9.552872,-161.20898,5.61032,4.465183
'04-Oct-2021 17:46:19.553',-0.895432,-1.082184,10.06044,-161.245917,5.637475,4.409665
'04-Oct-2021 17:46:19.562',-0.814026,-1.024719,9.912003,-161.24253,5.642976,4.292864
'04-Oct-2021 17:46:19.571',-0.71347,-1.043869,9.935944,-161.282486,5.626145,4.157268
'04-Oct-2021 17:46:19.580',-0.67038,-1.015137,9.916779,-161.280219,5.603451,4.046341
'04-Oct-2021 17:46:19.589',-0.665588,-1.02951,9.897629,,,
